,postId,PayRangeMin,PayRangeMax,companyDetail.groupSize,companyDetail.industry,suburb,city,region,state,distance_km,descriptions_similarity_to_resume,descriptions_similarity_to_resume_norm,job_title_similarity_to_last_job,job_industry_similarity_to_last_job,job_teamwork_score,job_growth_score,job_respect_score,competitive_salary_score,benefit_score,user_preference_score,work_from_home_score,hybrid_score,on_site_score,PayRangeMin_norm,PayRangeMax_norm,pay_average_norm,distance_norm,workType,headquarter_in_australia
0,78390789,150.0,160.0,SIZE_C,Staffing and Recruiting,,Sydney,,New South Wales,11.839466901651656,0.44418707,0.7701447,0.48092788,0.47550765,0.19723642,0.106859416,0.08346699,0.06863024,0.13935718,0.0,0,0,1,0.00010344827586206896,9.696969696969698e-05,0.00010020898641588296,0.32633993620682783,Full Time,1
1,79037815,110000.0,110000.0,SIZE_C,Staffing and Recruiting,Chatswood,Sydney,,New South Wales,9.69760027302827,0.32993954,0.5171592,0.3227508,0.47550765,0.17819661,0.17041147,0.11144406,0.1731511,0.13563195,0.0,0,0,1,0.07586206896551724,0.06666666666666667,0.07126436781609195,0.26251528731908547,Contract/Temp,1
2,79042501,110000.0,110000.0,SIZE_C,Staffing and Recruiting,Bondi Junction,Sydney,,New South Wales,3.332650331238212,0.35121107,0.5642621,0.33776498,0.43293864,0.30954173,0.22626337,0.17572877,0.14525074,0.19960883,0.0,0,0,1,0.07586206896551724,0.06666666666666667,0.07126436781609195,0.07284862470157959,Full Time,1
3,79072418,110000.0,110000.0,SIZE_C,Staffing and Recruiting,,Sydney,,New South Wales,11.839466901651656,0.29504448,0.4398889,0.35779333,0.43293864,0.3100704,0.20895246,0.18671164,0.19912201,0.23187284,0.0,0,1,0,0.07586206896551724,0.06666666666666667,0.07126436781609195,0.32633993620682783,Full Time,1
4,79072950,150000.0,190000.0,SIZE_C,Staffing and Recruiting,,Sydney,,New South Wales,11.839466901651656,0.3288359,0.5147154,0.4395174,0.47550765,0.19771397,0.1463005,0.12264999,0.100929886,0.054129884,0.0,0,0,1,0.10344827586206896,0.11515151515151516,0.10929989550679206,0.32633993620682783,Full Time,1
5,79074061,110000.0,110000.0,SIZE_C,Staffing and Recruiting,,Sydney,,New South Wales,11.839466901651656,0.29713416,0.44451624,0.3079331,0.43293875,0.32759005,0.20841175,0.19592515,0.20470773,0.21108478,0.0,0,0,1,0.07586206896551724,0.06666666666666667,0.07126436781609195,0.32633993620682783,Full Time,1
6,79101781,190000.0,190000.0,SIZE_C,Staffing and Recruiting,,Sydney,,New South Wales,11.839466901651656,0.31761026,0.48985773,0.33776498,0.43293875,0.070063874,0.14102918,0.03731991,0.13824119,0.10717909,0.0,0,0,1,0.1310344827586207,0.11515151515151516,0.12309299895506792,0.32633993620682783,Full Time,1
7,79105245,110000.0,110000.0,SIZE_C,Staffing and Recruiting,,Sydney,,New South Wales,11.839466901651656,0.35429195,0.57108426,0.41004866,0.43293864,0.22805184,0.032657318,0.053104468,0.1051773,0.082655,0.0,0,0,1,0.07586206896551724,0.06666666666666667,0.07126436781609195,0.32633993620682783,Full Time,1
8,79129990,110000.0,110000.0,SIZE_C,Staffing and Recruiting,,Sydney,,New South Wales,11.839466901651656,0.23494402,0.30680472,0.37540653,0.43293864,0.27197593,0.18695171,0.24438515,0.26799062,0.2560586,0.0,0,0,1,0.07586206896551724,0.06666666666666667,0.07126436781609195,0.32633993620682783,Full Time,1
9,79131330,110000.0,110000.0,SIZE_C,Staffing and Recruiting,,Sydney,,New South Wales,11.839466901651656,0.40485796,0.68305576,0.6339375,0.47550765,0.28686672,0.21975175,0.072563544,0.110659465,0.17415072,0.0,1,1,0,0.07586206896551724,0.06666666666666667,0.07126436781609195,0.32633993620682783,Full Time,1
10,79134511,110000.0,110000.0,SIZE_C,Staffing and Recruiting,,Sydney,,New South Wales,11.839466901651656,0.34865263,0.5585968,0.48658642,0.47550765,0.26992616,0.2676182,0.10476158,0.18661432,0.15439627,0.0,0,0,1,0.07586206896551724,0.06666666666666667,0.07126436781609195,0.32633993620682783,Full Time,1
11,79161086,1000.0,1000.0,SIZE_C,Staffing and Recruiting,Eveleigh,Sydney,,New South Wales,2.3014414121942193,0.41270396,0.7004297,0.35779333,0.20624772,0.24956638,0.18845992,0.11688477,0.24381514,0.19620869,0.0,0,0,1,0.000689655172413793,0.0006060606060606061,0.0006478578892371996,0.042120032029965594,Contract/Temp,1
12,79161738,1050.0,1050.0,SIZE_C,Staffing and Recruiting,,Sydney,,New South Wales,11.839466901651656,0.39138407,0.6532197,0.25909692,0.47550765,0.29965764,0.33288744,0.1654723,0.2457148,0.1935938,0.0,0,0,1,0.0007241379310344827,0.0006363636363636364,0.0006802507836990595,0.32633993620682783,Contract/Temp,1
13,79170420,110000.0,110000.0,SIZE_C,Staffing and Recruiting,,Sydney,,New South Wales,11.839466901651656,0.30484554,0.46159202,0.49083394,0.43293864,0.23176712,0.24147144,0.059030943,0.0688333,0.15996051,0.0,1,1,0,0.07586206896551724,0.06666666666666667,0.07126436781609195,0.32633993620682783,Full Time,1
14,79171896,140.0,160000.0,SIZE_C,Staffing and Recruiting,,Sydney,,New South Wales,11.839466901651656,0.40620923,0.686048,0.35235852,0.47550765,0.27909392,0.3271047,0.15767488,0.19257954,0.19143048,0.0,1,1,0,9.655172413793103e-05,0.09696969696969697,0.04853312434691745,0.32633993620682783,Full Time,1
15,79172522,160.0,180000.0,SIZE_C,Staffing and Recruiting,,Sydney,,New South Wales,11.839466901651656,0.42185664,0.72069705,0.27738482,0.47550765,0.29000288,0.30239272,0.14132848,0.18475676,0.1667197,0.0,1,1,0,0.00011034482758620689,0.10909090909090909,0.054600626959247646,0.32633993620682783,Full Time,1
16,79192093,110000.0,110000.0,SIZE_C,Staffing and Recruiting,,Sydney,,New South Wales,11.839466901651656,0.2904927,0.42980963,0.48658642,0.47550765,0.17232963,0.08791661,0.10972752,0.16489089,0.11532431,0.0,0,1,0,0.07586206896551724,0.06666666666666667,0.07126436781609195,0.32633993620682783,Contract/Temp,1
17,79202659,110000.0,110000.0,SIZE_C,Staffing and Recruiting,,Sydney,,New South Wales,11.839466901651656,0.4194296,0.7153227,0.40158695,0.47550765,0.24408308,0.16976991,0.07636371,0.15967846,0.0889689,0.0,0,1,0,0.07586206896551724,0.06666666666666667,0.07126436781609195,0.32633993620682783,Contract/Temp,1
18,79205810,110000.0,110000.0,SIZE_C,Staffing and Recruiting,,Sydney,,New South Wales,11.839466901651656,0.29814512,0.4467548,0.23104976,0.43293864,0.10629833,0.17805955,0.110578,0.12167834,0.1644467,0.0,0,0,1,0.07586206896551724,0.06666666666666667,0.07126436781609195,0.32633993620682783,Contract/Temp,1
19,79206296,110000.0,110000.0,SIZE_C,Staffing and Recruiting,Belrose,Sydney,,New South Wales,16.03597189123011,0.39710414,0.66588604,0.457919,0.47550765,0.21224335,0.2021457,0.09160119,0.09244856,0.10869067,0.0,0,0,1,0.07586206896551724,0.06666666666666667,0.07126436781609195,0.451389952830715,Full Time,1
20,79210596,110000.0,110000.0,SIZE_C,Staffing and Recruiting,,Sydney,,New South Wales,11.839466901651656,0.21780986,0.26886344,0.21333535,0.43293864,0.22897977,0.17586711,0.16738772,0.07384403,0.100084655,0.0,0,0,1,0.07586206896551724,0.06666666666666667,0.07126436781609195,0.32633993620682783,Full Time,1
21,79216412,140000.0,170000.0,SIZE_C,Staffing and Recruiting,,Sydney,,New South Wales,11.839466901651656,0.4327101,0.74473053,0.40106565,0.43293864,0.2967894,0.31876734,0.22576001,0.08925177,0.2218619,0.0,0,1,0,0.09655172413793103,0.10303030303030303,0.09979101358411703,0.32633993620682783,Full Time,1
22,79243681,110000.0,110000.0,SIZE_C,Staffing and Recruiting,,Sydney,,New South Wales,11.839466901651656,0.33822462,0.5355054,0.3419148,0.43293864,0.35118517,0.29030812,0.17290181,0.106034696,0.15714458,0.0,0,1,0,0.07586206896551724,0.06666666666666667,0.07126436781609195,0.32633993620682783,Full Time,1
23,79246664,100000.0,110000.0,SIZE_C,Staffing and Recruiting,,Sydney,,New South Wales,11.839466901651656,0.33223045,0.5222321,0.34572172,0.43293864,0.20902756,0.16277255,0.116713226,0.17353398,0.14808933,0.0,0,0,1,0.06896551724137931,0.06666666666666667,0.067816091954023,0.32633993620682783,Full Time,1
24,79262389,110000.0,110000.0,SIZE_C,Staffing and Recruiting,,Sydney,,New South Wales,11.839466901651656,0.43625447,0.75257903,0.2971719,0.47550765,0.32509667,0.32633212,0.1745394,0.2388618,0.17871436,0.0,0,1,0,0.07586206896551724,0.06666666666666667,0.07126436781609195,0.32633993620682783,Full Time,1
25,79278234,160000.0,175000.0,SIZE_C,Staffing and Recruiting,,Sydney,,New South Wales,11.839466901651656,0.31799456,0.4907087,0.493478,0.43293864,0.21053421,0.20519862,0.16674009,0.16304126,0.123208374,0.0,0,0,1,0.1103448275862069,0.10606060606060606,0.10820271682340649,0.32633993620682783,Full Time,1
26,79288817,110000.0,120000.0,SIZE_C,Staffing and Recruiting,,Sydney,,New South Wales,11.839466901651656,0.2923834,0.43399632,0.28801012,0.43293864,0.14995524,0.09799273,0.1396487,0.18494439,0.17138484,0.0,0,0,1,0.07586206896551724,0.07272727272727272,0.07429467084639499,0.32633993620682783,Full Time,1
27,79290619,110000.0,110000.0,SIZE_C,Staffing and Recruiting,North Ryde,Sydney,,New South Wales,12.65022949285366,0.4318334,0.74278915,0.40881824,0.43293864,0.18620226,0.11703289,0.13055575,0.101979226,0.080767415,0.0,0,0,1,0.07586206896551724,0.06666666666666667,0.07126436781609195,0.35049953467260275,Full Time,1
28,79296485,110000.0,110000.0,SIZE_C,Staffing and Recruiting,Parramatta,Sydney,,New South Wales,21.731726893975797,0.35059488,0.5628976,0.36987513,0.43293864,0.1714232,0.15211643,0.11416071,0.17274064,0.2196391,0.0,0,0,1,0.07586206896551724,0.06666666666666667,0.07126436781609195,0.6211155362740185,Full Time,1
29,79313003,110000.0,110000.0,SIZE_C,Staffing and Recruiting,,Sydney,,New South Wales,11.839466901651656,0.34600097,0.5527251,0.28584492,0.43293864,0.3637886,0.23213038,0.13738245,0.09105666,0.048136804,0.0,0,0,1,0.07586206896551724,0.06666666666666667,0.07126436781609195,0.32633993620682783,Full Time,1
30,79357148,130000.0,170000.0,SIZE_C,Staffing and Recruiting,,Sydney,,New South Wales,11.839466901651656,0.30631286,0.4648412,0.33776498,0.43293864,0.1263195,0.23824047,0.13646205,0.10712145,0.073245995,0.0,0,0,1,0.0896551724137931,0.10303030303030303,0.09634273772204807,0.32633993620682783,Full Time,1
31,79360308,200000.0,200000.0,SIZE_C,Staffing and Recruiting,,Sydney,,New South Wales,11.839466901651656,0.37066394,0.60733783,0.49694246,0.47550765,0.21796319,0.23809333,0.09989757,0.08041176,0.083283216,0.0,0,1,0,0.13793103448275862,0.12121212121212122,0.12957157784743992,0.32633993620682783,Full Time,1
32,79360554,110000.0,110000.0,SIZE_C,Staffing and Recruiting,,Sydney,,New South Wales,11.839466901651656,0.12081578,0.054083392,0.49083394,0.47550765,0.099397674,0.12747331,0.0128348395,0.06592256,0.16161163,0.0,1,1,0,0.07586206896551724,0.06666666666666667,0.07126436781609195,0.32633993620682783,Full Time,1
33,79361745,110000.0,110000.0,SIZE_C,Staffing and Recruiting,Macquarie Park,Sydney,,New South Wales,15.229144957143479,0.30322564,0.45800495,0.40392017,0.47550765,0.32330588,0.15681645,0.20064074,0.15821107,0.18891165,0.0,1,1,0,0.07586206896551724,0.06666666666666667,0.07126436781609195,0.4273476314774243,Full Time,1
34,79370255,110000.0,110000.0,SIZE_C,Staffing and Recruiting,,Sydney,,New South Wales,11.839466901651656,0.28752658,0.42324156,0.3730737,0.43293864,0.027625848,0.08108041,0.12786947,0.19247998,0.21193466,0.0,0,0,1,0.07586206896551724,0.06666666666666667,0.07126436781609195,0.32633993620682783,Contract/Temp,1
35,79379486,110000.0,110000.0,SIZE_C,Staffing and Recruiting,,Sydney,,New South Wales,11.839466901651656,0.36090946,0.5857379,0.5159962,0.43293864,0.2380631,0.13712144,0.06607464,0.14263806,0.12285735,0.0,0,0,1,0.07586206896551724,0.06666666666666667,0.07126436781609195,0.32633993620682783,Full Time,1
36,79380046,110000.0,110000.0,SIZE_C,Staffing and Recruiting,,Sydney,,New South Wales,11.839466901651656,0.35504848,0.5727595,0.41004866,0.43293864,0.3235343,0.08927835,0.098297566,0.14014846,0.11771573,0.0,0,0,1,0.07586206896551724,0.06666666666666667,0.07126436781609195,0.32633993620682783,Full Time,1
37,79380218,110000.0,110000.0,SIZE_C,Staffing and Recruiting,,Sydney,,New South Wales,11.839466901651656,0.32590058,0.5082155,0.31439778,0.43293864,0.28664112,0.111576185,0.10087618,0.11369871,0.100847416,0.0,0,0,1,0.07586206896551724,0.06666666666666667,0.07126436781609195,0.32633993620682783,Full Time,1
38,79380520,110000.0,110000.0,SIZE_C,Staffing and Recruiting,,Sydney,,New South Wales,11.839466901651656,0.3224952,0.5006747,0.5159962,0.43293864,0.14735466,0.12689097,0.02649999,0.26038882,0.12772968,0.0,0,0,1,0.07586206896551724,0.06666666666666667,0.07126436781609195,0.32633993620682783,Full Time,1
39,79406382,75.0,87.0,SIZE_C,Staffing and Recruiting,,Sydney,,New South Wales,11.839466901651656,0.33696598,0.5327183,0.25364333,0.43293864,0.25334975,0.25120085,0.048682068,0.22615696,0.23933238,0.0,1,0,0,5.172413793103448e-05,5.272727272727273e-05,5.2225705329153606e-05,0.32633993620682783,Contract/Temp,1
40,79407126,110000.0,110000.0,SIZE_C,Staffing and Recruiting,,Sydney,,New South Wales,11.839466901651656,0.42203367,0.721089,0.6339375,0.47550765,0.26256168,0.28903908,0.15902498,0.13944173,0.18861216,0.0,0,0,1,0.07586206896551724,0.06666666666666667,0.07126436781609195,0.32633993620682783,Full Time,1
41,79408726,1050.0,1050.0,SIZE_C,Staffing and Recruiting,,Sydney,,New South Wales,11.839466901651656,0.39138407,0.6532197,0.25909692,0.47550765,0.29965764,0.33288744,0.1654723,0.2457148,0.1935938,0.0,0,0,1,0.0007241379310344827,0.0006363636363636364,0.0006802507836990595,0.32633993620682783,Contract/Temp,1
42,79414187,110000.0,110000.0,SIZE_C,Staffing and Recruiting,,Sydney,,New South Wales,11.839466901651656,0.42950532,0.73763394,0.42374882,0.47550765,0.29404464,0.1557147,0.103937544,0.15222874,0.16147974,0.0,0,1,0,0.07586206896551724,0.06666666666666667,0.07126436781609195,0.32633993620682783,Full Time,1
43,79418440,110000.0,110000.0,SIZE_C,Staffing and Recruiting,,Sydney,,New South Wales,11.839466901651656,0.32377413,0.5035068,0.28530782,0.47550765,0.16485277,0.13861078,0.12045683,0.20468691,0.21057405,0.0,0,0,1,0.07586206896551724,0.06666666666666667,0.07126436781609195,0.32633993620682783,Contract/Temp,1
44,79422253,110000.0,110000.0,SIZE_C,Staffing and Recruiting,,Sydney,,New South Wales,11.839466901651656,0.3628252,0.58998007,0.28530782,0.43293864,0.15422776,0.15150394,0.13680059,0.16928592,0.21936211,0.0,0,0,1,0.07586206896551724,0.06666666666666667,0.07126436781609195,0.32633993620682783,Full Time,1
45,79426704,110000.0,110000.0,SIZE_C,Staffing and Recruiting,,Sydney,,New South Wales,11.839466901651656,0.4272043,0.7325387,0.63393766,0.47550765,0.28471065,0.16981858,0.09080219,0.16096994,0.16359204,0.0,1,1,0,0.07586206896551724,0.06666666666666667,0.07126436781609195,0.32633993620682783,Contract/Temp,1
46,79439438,700.0,900.0,SIZE_C,Staffing and Recruiting,,Sydney,,New South Wales,11.839466901651656,0.29467016,0.43906003,0.5101559,0.47550765,0.15776412,0.14492603,0.10314754,0.1451894,0.17584348,0.0,0,0,1,0.0004827586206896552,0.0005454545454545455,0.0005141065830721003,0.32633993620682783,Contract/Temp,1
47,79458396,110000.0,120000.0,SIZE_C,Staffing and Recruiting,,Sydney,,New South Wales,11.839466901651656,0.38072687,0.6296208,0.6339375,0.47550765,0.22960198,0.13167082,0.06287604,0.21306601,0.21652871,0.0,0,0,1,0.07586206896551724,0.07272727272727272,0.07429467084639499,0.32633993620682783,Full Time,1
48,79458957,110000.0,110000.0,SIZE_C,Staffing and Recruiting,,Sydney,,New South Wales,11.839466901651656,0.32869446,0.51440215,0.6339375,0.47550765,0.23206446,0.12773019,0.03753105,0.033877537,0.13578513,0.0,0,0,1,0.07586206896551724,0.06666666666666667,0.07126436781609195,0.32633993620682783,Full Time,1
49,79475245,110000.0,110000.0,SIZE_C,Staffing and Recruiting,,Sydney,,New South Wales,11.839466901651656,0.39557326,0.6624961,0.6002363,0.299048,0.29029912,0.077756464,0.07497896,0.06520367,0.040541843,0.0,0,0,1,0.07586206896551724,0.06666666666666667,0.07126436781609195,0.32633993620682783,Full Time,1
50,79475451,110000.0,110000.0,SIZE_C,Staffing and Recruiting,,Sydney,,New South Wales,11.839466901651656,0.3628643,0.59006655,0.19460677,0.40971553,0.42682004,0.2390374,0.23552395,0.1947611,0.31195077,0.0,0,0,1,0.07586206896551724,0.06666666666666667,0.07126436781609195,0.32633993620682783,Full Time,1
51,79476729,110000.0,110000.0,SIZE_C,Staffing and Recruiting,,Sydney,,New South Wales,11.839466901651656,0.40133193,0.67524785,0.27740785,0.47550765,0.14124355,0.043895848,0.14650919,0.08747731,0.03192435,0.0,0,0,1,0.07586206896551724,0.06666666666666667,0.07126436781609195,0.32633993620682783,Full Time,1
52,79477430,150000.0,150000.0,SIZE_C,Staffing and Recruiting,,Sydney,,New South Wales,11.839466901651656,0.33628657,0.5312139,0.27140382,0.3607868,0.083558895,0.0821511,0.042371463,0.10993118,0.105095446,0.0,0,0,1,0.10344827586206896,0.09090909090909091,0.09717868338557994,0.32633993620682783,Full Time,1
53,79478682,110000.0,110000.0,SIZE_C,Staffing and Recruiting,North Ryde,Sydney,,New South Wales,12.65022949285366,0.41314614,0.7014088,0.49694246,0.47550765,0.1771471,0.12446157,0.10856362,0.14197914,0.15588209,0.0,0,0,1,0.07586206896551724,0.06666666666666667,0.07126436781609195,0.35049953467260275,Full Time,1
54,79483187,110000.0,110000.0,SIZE_C,Staffing and Recruiting,,Sydney,,New South Wales,11.839466901651656,0.42795053,0.7341911,0.28144538,0.43293864,0.28854743,0.20615736,0.13107577,0.17928872,0.16997817,0.0,0,0,1,0.07586206896551724,0.06666666666666667,0.07126436781609195,0.32633993620682783,Contract/Temp,1
55,79498879,110000.0,110000.0,SIZE_C,Staffing and Recruiting,Macquarie Park,Sydney,,New South Wales,15.229144957143479,0.39593866,0.6633052,0.26225412,0.43293864,0.33316296,0.15272549,0.12359381,0.13331988,0.10971452,0.0,1,1,0,0.07586206896551724,0.06666666666666667,0.07126436781609195,0.4273476314774243,Full Time,1
56,79498904,110000.0,110000.0,SIZE_C,Staffing and Recruiting,Macquarie Park,Sydney,,New South Wales,15.229144957143479,0.37646133,0.62017536,0.33776498,0.43293864,0.28848365,0.1276584,0.10478981,0.12334726,0.08512043,0.0,1,1,0,0.07586206896551724,0.06666666666666667,0.07126436781609195,0.4273476314774243,Full Time,1
57,79524211,110000.0,110000.0,SIZE_C,Staffing and Recruiting,,Sydney,,New South Wales,11.839466901651656,0.23494402,0.30680472,0.39431643,0.43293864,0.27197593,0.18695171,0.24438515,0.26799062,0.2560586,0.0,0,0,1,0.07586206896551724,0.06666666666666667,0.07126436781609195,0.32633993620682783,Full Time,1
58,79524278,110000.0,110000.0,SIZE_C,Staffing and Recruiting,,Sydney,,New South Wales,11.839466901651656,0.42382568,0.7250572,0.3285848,0.43293864,0.32979167,0.21604767,0.1986169,0.11115077,0.13335595,0.0,0,0,1,0.07586206896551724,0.06666666666666667,0.07126436781609195,0.32633993620682783,Full Time,1
59,79524362,110000.0,110000.0,SIZE_C,Staffing and Recruiting,,Sydney,,New South Wales,11.839466901651656,0.23494402,0.30680472,0.31498992,0.43293864,0.27197593,0.18695171,0.24438515,0.26799062,0.2560586,0.0,0,0,1,0.07586206896551724,0.06666666666666667,0.07126436781609195,0.32633993620682783,Full Time,1
60,79525085,110000.0,110000.0,SIZE_C,Staffing and Recruiting,,Sydney,,New South Wales,11.839466901651656,0.23480584,0.3064987,0.26338702,0.43293864,0.27190664,0.18868394,0.24444559,0.2673663,0.2555601,0.0,0,0,1,0.07586206896551724,0.06666666666666667,0.07126436781609195,0.32633993620682783,Full Time,1
61,79535907,110000.0,110000.0,SIZE_C,Staffing and Recruiting,,Sydney,,New South Wales,11.839466901651656,0.4154436,0.70649624,0.49694246,0.43293864,0.27348053,0.110562846,0.04791934,0.12394178,0.1157158,0.0,0,0,1,0.07586206896551724,0.06666666666666667,0.07126436781609195,0.32633993620682783,Full Time,1
62,79538894,90000.0,90000.0,SIZE_C,Staffing and Recruiting,,Sydney,,New South Wales,11.839466901651656,0.32383367,0.5036386,0.43132234,0.43293864,0.29236284,0.10851764,0.09787228,0.11186837,0.100264475,0.0,0,0,1,0.06206896551724138,0.05454545454545454,0.058307210031347964,0.32633993620682783,Full Time,1
63,79540522,100000.0,140000.0,SIZE_C,Staffing and Recruiting,,Sydney,,New South Wales,11.839466901651656,0.36249614,0.58925134,0.45050395,0.47550765,0.15983534,0.2277409,0.13849582,0.21670243,0.25467128,0.0,0,1,0,0.06896551724137931,0.08484848484848485,0.07690700104493209,0.32633993620682783,Full Time,1
64,79540647,110000.0,110000.0,SIZE_C,Staffing and Recruiting,,Sydney,,New South Wales,11.839466901651656,0.32299012,0.5017707,0.32381773,0.43293864,0.1768963,0.14376213,0.11745261,0.17346261,0.20159319,0.0,0,1,0,0.07586206896551724,0.06666666666666667,0.07126436781609195,0.32633993620682783,Full Time,1
65,79547886,110000.0,110000.0,SIZE_C,Staffing and Recruiting,,Sydney,,New South Wales,11.839466901651656,0.29321843,0.43584538,0.6339375,0.43293864,0.3292156,0.21817112,0.14798817,0.14298779,0.19477013,0.0,0,1,0,0.07586206896551724,0.06666666666666667,0.07126436781609195,0.32633993620682783,Full Time,1
66,79547911,110000.0,110000.0,SIZE_C,Staffing and Recruiting,,Sydney,,New South Wales,11.839466901651656,0.30278945,0.45703906,0.5265678,0.43293864,0.20855905,0.17940176,0.17082441,0.21005403,0.25915468,0.0,0,1,0,0.07586206896551724,0.06666666666666667,0.07126436781609195,0.32633993620682783,Full Time,1
67,79550830,110000.0,110000.0,SIZE_C,Staffing and Recruiting,,Sydney,,New South Wales,11.839466901651656,0.33759362,0.5341081,0.46926746,0.43293864,0.33494696,0.19986832,0.22035192,0.090571985,0.14959842,0.0,1,0,0,0.07586206896551724,0.06666666666666667,0.07126436781609195,0.32633993620682783,Full Time,1
68,79550880,110000.0,110000.0,SIZE_C,Staffing and Recruiting,,Sydney,,New South Wales,11.839466901651656,0.28724414,0.42261612,0.47278228,0.43293864,0.22677101,0.12343967,0.19290711,0.073472306,0.10753472,0.0,0,0,1,0.07586206896551724,0.06666666666666667,0.07126436781609195,0.32633993620682783,Full Time,1
69,79554556,110000.0,110000.0,SIZE_C,Staffing and Recruiting,,Sydney,,New South Wales,11.839466901651656,0.23494402,0.30680472,0.3138712,0.43293864,0.27197593,0.18695171,0.24438515,0.26799062,0.2560586,0.0,0,0,1,0.07586206896551724,0.06666666666666667,0.07126436781609195,0.32633993620682783,Full Time,1
70,79556534,110000.0,110000.0,SIZE_C,Staffing and Recruiting,,Sydney,,New South Wales,11.839466901651656,0.3555932,0.5739657,0.41612387,0.47550765,0.20878264,0.21581073,0.071614355,0.07878481,0.08032918,0.0,0,0,1,0.07586206896551724,0.06666666666666667,0.07126436781609195,0.32633993620682783,Full Time,1
71,79561048,110000.0,110000.0,SIZE_C,Staffing and Recruiting,Homebush West,Sydney,,New South Wales,11.45989149135609,0.24316427,0.32500732,0.2606849,0.43293864,0.14089017,0.13544245,0.109128974,0.06687385,0.07784778,0.0,0,0,1,0.07586206896551724,0.06666666666666667,0.07126436781609195,0.3150291164924809,Full Time,1
72,79562761,110000.0,110000.0,SIZE_C,Staffing and Recruiting,North Sydney,Sydney,,New South Wales,4.9972367335528265,0.36778986,0.60097355,0.14962213,0.43293864,0.25565696,0.16146699,0.09730637,0.103450745,0.14258066,0.0,0,1,0,0.07586206896551724,0.06666666666666667,0.07126436781609195,0.12245098614241488,Full Time,1
73,79579701,110000.0,110000.0,SIZE_C,Staffing and Recruiting,,Sydney,,New South Wales,11.839466901651656,0.23601589,0.30917817,0.31177142,0.47550765,0.22839619,0.21905534,0.23630485,0.14023897,0.20079535,0.0,0,0,1,0.07586206896551724,0.06666666666666667,0.07126436781609195,0.32633993620682783,Full Time,1
74,79579803,110000.0,110000.0,SIZE_C,Staffing and Recruiting,,Sydney,,New South Wales,11.839466901651656,0.23601589,0.30917817,0.3508022,0.47550765,0.22839619,0.21905534,0.23630485,0.14023897,0.20079535,0.0,0,0,1,0.07586206896551724,0.06666666666666667,0.07126436781609195,0.32633993620682783,Full Time,1
75,79587778,110000.0,110000.0,SIZE_C,Staffing and Recruiting,,Sydney,,New South Wales,11.839466901651656,0.40938848,0.693088,0.18615966,0.43293864,0.40247345,0.22729838,0.21472614,0.20764644,0.26678425,0.0,0,1,0,0.07586206896551724,0.06666666666666667,0.07126436781609195,0.32633993620682783,Full Time,1
76,79589913,110000.0,110000.0,SIZE_C,Staffing and Recruiting,,Sydney,,New South Wales,11.839466901651656,0.4091842,0.6926356,0.43177447,0.43293864,0.3248961,0.20701766,0.15172747,0.11151496,0.16093692,0.0,0,0,1,0.07586206896551724,0.06666666666666667,0.07126436781609195,0.32633993620682783,Full Time,1
77,79589914,110000.0,110000.0,SIZE_C,Staffing and Recruiting,,Sydney,,New South Wales,11.839466901651656,0.4091842,0.6926356,0.43177447,0.47550765,0.3248961,0.20701766,0.15172747,0.11151496,0.16093692,0.0,0,0,1,0.07586206896551724,0.06666666666666667,0.07126436781609195,0.32633993620682783,Full Time,1
78,79591923,110000.0,110000.0,SIZE_C,Staffing and Recruiting,,Sydney,,New South Wales,11.839466901651656,0.41257828,0.7001514,0.28816727,0.43293864,0.24521035,0.12634125,0.10716276,0.10458429,0.08273975,0.0,0,0,1,0.07586206896551724,0.06666666666666667,0.07126436781609195,0.32633993620682783,Contract/Temp,1
79,79598528,135000.0,170000.0,SIZE_C,Staffing and Recruiting,,Sydney,,New South Wales,11.839466901651656,0.40851438,0.6911524,0.49694246,0.47550765,0.14789617,0.11847072,0.099020466,0.320703,0.19295698,0.0,0,1,0,0.09310344827586207,0.10303030303030303,0.09806687565308256,0.32633993620682783,Full Time,1
80,79599026,110000.0,110000.0,SIZE_C,Staffing and Recruiting,,Sydney,,New South Wales,11.839466901651656,0.33638883,0.53144026,0.49289542,0.47550765,0.19384274,0.14665636,0.11358619,0.12077373,0.045624137,0.0,0,1,0,0.07586206896551724,0.06666666666666667,0.07126436781609195,0.32633993620682783,Full Time,1
81,79600997,110000.0,110000.0,SIZE_C,Staffing and Recruiting,Eveleigh,Sydney,,New South Wales,2.3014414121942193,0.34542578,0.5514514,0.41859666,0.47550765,0.33105704,0.33839217,0.18675873,0.15585393,0.20216016,0.0,0,0,1,0.07586206896551724,0.06666666666666667,0.07126436781609195,0.042120032029965594,Full Time,1
82,79603567,110000.0,110000.0,SIZE_C,Staffing and Recruiting,,Sydney,,New South Wales,11.839466901651656,0.37391907,0.6145459,0.6339375,0.40134996,0.37842745,0.13381478,0.081866264,0.060266852,0.14816746,0.0,0,0,1,0.07586206896551724,0.06666666666666667,0.07126436781609195,0.32633993620682783,Full Time,1
83,79603635,110000.0,110000.0,SIZE_C,Staffing and Recruiting,,Sydney,,New South Wales,11.839466901651656,0.37391907,0.6145459,0.6339375,0.43293864,0.37842745,0.13381478,0.081866264,0.060266852,0.14816746,0.0,0,0,1,0.07586206896551724,0.06666666666666667,0.07126436781609195,0.32633993620682783,Full Time,1
84,79603894,110000.0,110000.0,SIZE_C,Staffing and Recruiting,,Sydney,,New South Wales,11.839466901651656,0.37606555,0.61929893,0.5251039,0.43293864,0.3208219,0.20079324,0.049533706,0.082084335,0.13222608,0.0,0,0,1,0.07586206896551724,0.06666666666666667,0.07126436781609195,0.32633993620682783,Full Time,1
85,79604604,110000.0,110000.0,SIZE_C,Staffing and Recruiting,,Sydney,,New South Wales,11.839466901651656,0.36932135,0.6043648,0.49694246,0.43293864,0.4195401,0.24886036,0.12868029,0.122577116,0.16331337,0.0,0,0,1,0.07586206896551724,0.06666666666666667,0.07126436781609195,0.32633993620682783,Full Time,1
86,79623292,110000.0,110000.0,SIZE_C,Staffing and Recruiting,,Sydney,,New South Wales,11.839466901651656,0.4131411,0.70139766,0.60163987,0.43293864,0.23304325,0.10224764,0.121672586,0.073636346,0.060789302,0.0,0,0,1,0.07586206896551724,0.06666666666666667,0.07126436781609195,0.32633993620682783,Full Time,1
87,79646042,110000.0,110000.0,SIZE_C,Staffing and Recruiting,,Sydney,,New South Wales,11.839466901651656,0.26782537,0.3796159,0.34713274,0.43293864,0.25695658,0.18642113,0.054039583,0.086331256,0.075915575,0.0,0,0,1,0.07586206896551724,0.06666666666666667,0.07126436781609195,0.32633993620682783,Full Time,1
88,79648081,110000.0,110000.0,SIZE_C,Staffing and Recruiting,,Sydney,,New South Wales,11.839466901651656,0.3694451,0.6046388,0.21035594,0.43293864,0.3071134,0.17068382,0.16970423,0.10437704,0.116190076,0.0,0,0,1,0.07586206896551724,0.06666666666666667,0.07126436781609195,0.32633993620682783,Full Time,1
89,79648565,110000.0,110000.0,SIZE_C,Staffing and Recruiting,,Sydney,,New South Wales,11.839466901651656,0.2812816,0.40941286,0.39270276,0.43293864,0.26645768,0.10446044,0.061011054,0.069192365,0.13067469,0.0,1,1,0,0.07586206896551724,0.06666666666666667,0.07126436781609195,0.32633993620682783,Full Time,1
90,79652745,110000.0,110000.0,SIZE_C,Staffing and Recruiting,North Sydney,Sydney,,New South Wales,4.9972367335528265,0.28720695,0.42253375,0.40100372,0.47550765,0.24021842,0.16981299,0.18530862,0.10952745,0.1463318,0.0,0,1,0,0.07586206896551724,0.06666666666666667,0.07126436781609195,0.12245098614241488,Full Time,1
91,79669722,110000.0,110000.0,SIZE_C,Staffing and Recruiting,,Sydney,,New South Wales,11.839466901651656,0.3038202,0.4593215,0.25522572,0.43293875,0.14957567,0.11690255,0.112931885,0.29249823,0.25889558,0.0,0,1,0,0.07586206896551724,0.06666666666666667,0.07126436781609195,0.32633993620682783,Contract/Temp,1
92,79686430,110000.0,110000.0,SIZE_C,Staffing and Recruiting,,Sydney,,New South Wales,11.839466901651656,0.17072403,0.16459839,0.4175595,0.47550765,0.40023148,0.21249607,0.24291323,0.120255485,0.2435615,0.0,0,0,1,0.07586206896551724,0.06666666666666667,0.07126436781609195,0.32633993620682783,Full Time,1
93,79694507,110000.0,110000.0,SIZE_C,Staffing and Recruiting,,Sydney,,New South Wales,11.839466901651656,0.26565072,0.37480044,0.4395174,0.47550765,0.29020852,0.19656959,0.20019232,0.06652811,0.06919872,0.0,0,0,1,0.07586206896551724,0.06666666666666667,0.07126436781609195,0.32633993620682783,Full Time,1
94,79695742,110000.0,110000.0,SIZE_C,Staffing and Recruiting,,Sydney,,New South Wales,11.839466901651656,0.3139005,0.48164296,0.5101559,0.47550765,0.20295636,0.14076811,0.1046709,0.08532357,0.13929868,0.0,0,1,0,0.07586206896551724,0.06666666666666667,0.07126436781609195,0.32633993620682783,Full Time,1
95,79697760,110000.0,110000.0,SIZE_C,Staffing and Recruiting,,Sydney,,New South Wales,11.839466901651656,0.40319094,0.6793644,0.36726177,0.43293875,0.2373037,0.11042032,0.04237272,0.040966667,0.04190416,0.0,0,0,1,0.07586206896551724,0.06666666666666667,0.07126436781609195,0.32633993620682783,Contract/Temp,1
96,79697798,110000.0,110000.0,SIZE_C,Staffing and Recruiting,,Sydney,,New South Wales,11.839466901651656,0.35821065,0.57976174,0.35845208,0.43293875,0.25717396,0.10881545,0.050035343,0.008699164,-0.005139341,0.0,0,0,1,0.07586206896551724,0.06666666666666667,0.07126436781609195,0.32633993620682783,Contract/Temp,1
97,79704465,800.0,850.0,SIZE_C,Staffing and Recruiting,,Sydney,,New South Wales,11.839466901651656,0.3091513,0.4711265,0.29962927,0.47550765,0.27734014,0.3046583,0.138568,0.22862375,0.19898945,0.0,0,1,0,0.0005517241379310345,0.0005151515151515151,0.0005334378265412748,0.32633993620682783,Contract/Temp,1
98,79706589,110000.0,110000.0,SIZE_C,Staffing and Recruiting,,Sydney,,New South Wales,11.839466901651656,0.43264073,0.74457693,0.5488458,0.47550765,0.39369032,0.265015,0.19252852,0.11859846,0.17744032,0.0,0,0,1,0.07586206896551724,0.06666666666666667,0.07126436781609195,0.32633993620682783,Full Time,1
99,79053676,110000.0,110000.0,SIZE_C,Staffing and Recruiting,,Sydney,,New South Wales,11.839466901651656,0.3561321,0.575159,0.35148683,0.43293875,0.27285835,0.12498288,0.050089,0.035459198,0.10159455,0.0,0,0,1,0.07586206896551724,0.06666666666666667,0.07126436781609195,0.32633993620682783,Contract/Temp,1
100,79073796,110000.0,110000.0,SIZE_C,Staffing and Recruiting,,Sydney,,New South Wales,11.839466901651656,0.44144672,0.7640766,0.32955378,0.41545168,0.34924173,0.16271606,0.1082401,0.041638095,0.07494918,0.0,0,1,0,0.07586206896551724,0.06666666666666667,0.07126436781609195,0.32633993620682783,Full Time,1
101,79078214,110000.0,110000.0,SIZE_C,Staffing and Recruiting,,Sydney,,New South Wales,11.839466901651656,0.34482077,0.55011165,0.63393766,0.47550765,0.18192565,0.16715702,0.052207675,0.043705378,0.09070604,0.0,1,1,0,0.07586206896551724,0.06666666666666667,0.07126436781609195,0.32633993620682783,Contract/Temp,1
102,79096039,450.0,600.0,SIZE_C,Staffing and Recruiting,Liverpool,Sydney,,New South Wales,25.86198394755671,0.43369278,0.7469065,0.5572531,0.43293875,0.19659628,0.122150265,0.056195114,0.3413633,0.24824497,0.0,0,0,1,0.0003103448275862069,0.0003636363636363636,0.00033699059561128524,0.7441914564728177,Full Time,1
103,79100643,110000.0,110000.0,SIZE_C,Staffing and Recruiting,,Sydney,,New South Wales,11.839466901651656,0.5072804,0.90985626,0.30212864,0.43293864,0.27637807,0.15145394,0.12263332,0.11104595,0.12551315,0.0,0,1,0,0.07586206896551724,0.06666666666666667,0.07126436781609195,0.32633993620682783,Full Time,1
104,79125934,180000.0,230000.0,SIZE_C,Staffing and Recruiting,,Sydney,,New South Wales,11.839466901651656,0.4349302,0.7496466,0.57885766,0.47550765,0.1995121,0.15909478,0.132371,0.23759736,0.10663675,0.0,0,1,0,0.12413793103448276,0.1393939393939394,0.1317659352142111,0.32633993620682783,Full Time,1
105,79128601,140.0,160000.0,SIZE_C,Staffing and Recruiting,,Sydney,,New South Wales,11.839466901651656,0.45885634,0.80262774,0.14820635,0.43293864,0.28090477,0.1267939,0.069845416,0.10430652,0.1054243,0.0,0,0,1,9.655172413793103e-05,0.09696969696969697,0.04853312434691745,0.32633993620682783,Full Time,1
106,79136836,110000.0,110000.0,SIZE_C,Staffing and Recruiting,North Sydney,Sydney,,New South Wales,4.9972367335528265,0.3871978,0.64394975,0.35779333,0.43293864,0.14488591,0.21861969,0.100343324,0.19712594,0.15065706,0.0,0,0,1,0.07586206896551724,0.06666666666666667,0.07126436781609195,0.12245098614241488,Full Time,1
107,79136837,110000.0,110000.0,SIZE_C,Staffing and Recruiting,North Sydney,Sydney,,New South Wales,4.9972367335528265,0.3871978,0.64394975,0.35779333,0.43293864,0.14488591,0.21861969,0.100343324,0.19712594,0.15065706,0.0,0,0,1,0.07586206896551724,0.06666666666666667,0.07126436781609195,0.12245098614241488,Full Time,1
108,79136838,110000.0,110000.0,SIZE_C,Staffing and Recruiting,North Sydney,Sydney,,New South Wales,4.9972367335528265,0.3871978,0.64394975,0.35779333,0.40134996,0.14488591,0.21861969,0.100343324,0.19712594,0.15065706,0.0,0,0,1,0.07586206896551724,0.06666666666666667,0.07126436781609195,0.12245098614241488,Full Time,1
109,79189284,110000.0,110000.0,SIZE_C,Staffing and Recruiting,,Sydney,,New South Wales,11.839466901651656,0.3863318,0.64203215,0.6339375,0.47550765,0.14791079,0.32094654,0.09837988,0.20826322,0.14963244,0.0,0,0,1,0.07586206896551724,0.06666666666666667,0.07126436781609195,0.32633993620682783,Full Time,1
110,79191678,110000.0,110000.0,SIZE_C,Staffing and Recruiting,,Sydney,,New South Wales,11.839466901651656,0.37625426,0.6197168,0.55207115,0.47550765,0.1812625,0.05722999,0.072601184,0.14629492,0.13331023,0.0,0,1,0,0.07586206896551724,0.06666666666666667,0.07126436781609195,0.32633993620682783,Contract/Temp,1
111,79204098,110000.0,110000.0,SIZE_C,Staffing and Recruiting,,Sydney,,New South Wales,11.839466901651656,0.36217126,0.588532,0.4236119,0.40134996,0.22082669,0.2145026,0.054571558,0.11169681,0.1823664,0.0,0,0,1,0.07586206896551724,0.06666666666666667,0.07126436781609195,0.32633993620682783,Full Time,1
112,79210191,110000.0,110000.0,SIZE_C,Staffing and Recruiting,,Sydney,,New South Wales,11.839466901651656,0.42636204,0.7306736,0.41569957,0.43293864,0.29108325,0.25167423,0.11282006,0.0444488,0.035749145,0.0,0,1,0,0.07586206896551724,0.06666666666666667,0.07126436781609195,0.32633993620682783,Full Time,1
113,79220722,130000.0,190000.0,SIZE_C,Staffing and Recruiting,,Sydney,,New South Wales,11.839466901651656,0.2882871,0.42492563,0.17070256,0.43293864,0.13679887,0.18652509,0.0762926,0.0589894,0.06125126,0.0,0,0,1,0.0896551724137931,0.11515151515151516,0.10240334378265413,0.32633993620682783,Full Time,1
114,79236433,130000.0,155000.0,SIZE_C,Staffing and Recruiting,,Sydney,,New South Wales,11.839466901651656,0.34990257,0.5613646,0.36548293,0.47550765,0.29788172,0.24532942,0.16060829,0.18573888,0.15591222,0.0,0,1,0,0.0896551724137931,0.09393939393939393,0.09179728317659352,0.32633993620682783,Full Time,1
115,79244799,100000.0,120000.0,SIZE_C,Staffing and Recruiting,,Sydney,,New South Wales,11.839466901651656,0.4411416,0.7634009,0.2324086,0.47550765,0.17368406,0.294446,0.08702626,0.21994184,0.22941273,0.0,1,0,0,0.06896551724137931,0.07272727272727272,0.07084639498432602,0.32633993620682783,Full Time,1
116,79255432,110000.0,110000.0,SIZE_C,Staffing and Recruiting,,Sydney,,New South Wales,11.839466901651656,0.41924536,0.7149147,0.48176423,0.47550765,0.24481247,0.1341076,0.071461,0.12435006,0.090593405,0.0,0,1,0,0.07586206896551724,0.06666666666666667,0.07126436781609195,0.32633993620682783,Contract/Temp,1
117,79257494,110000.0,110000.0,SIZE_C,Staffing and Recruiting,,Sydney,,New South Wales,11.839466901651656,0.23494402,0.30680472,0.28255385,0.47550765,0.27197593,0.18695171,0.24438515,0.26799062,0.2560586,0.0,0,0,1,0.07586206896551724,0.06666666666666667,0.07126436781609195,0.32633993620682783,Full Time,1
118,79257961,110000.0,110000.0,SIZE_C,Staffing and Recruiting,,Sydney,,New South Wales,11.839466901651656,0.3937422,0.6584415,0.41057608,0.31581467,0.16924298,0.1446261,0.13830952,0.024975542,0.11776307,0.0,0,0,1,0.07586206896551724,0.06666666666666667,0.07126436781609195,0.32633993620682783,Full Time,1
119,79305948,110000.0,110000.0,SIZE_C,Staffing and Recruiting,,Sydney,,New South Wales,11.839466901651656,0.33878294,0.53674173,0.1822802,0.43293864,0.2729638,0.29050913,0.16783445,0.16588603,0.15968448,0.0,1,0,0,0.07586206896551724,0.06666666666666667,0.07126436781609195,0.32633993620682783,Full Time,1
120,79305952,110000.0,110000.0,SIZE_C,Staffing and Recruiting,,Sydney,,New South Wales,11.839466901651656,0.33878294,0.53674173,0.19062702,0.43293864,0.2729638,0.29050913,0.16783445,0.16588603,0.15968448,0.0,1,0,0,0.07586206896551724,0.06666666666666667,0.07126436781609195,0.32633993620682783,Full Time,1
121,79346498,110000.0,110000.0,SIZE_C,Staffing and Recruiting,Alexandria,Sydney,,New South Wales,2.3540675399662274,0.42653313,0.73105246,0.5025941,0.3143198,0.30582008,0.19768214,0.203533,0.14330542,0.18323098,0.0,1,0,0,0.07586206896551724,0.06666666666666667,0.07126436781609195,0.0436882175007522,Full Time,1
122,79356180,110000.0,110000.0,SIZE_C,Staffing and Recruiting,North Sydney,Sydney,,New South Wales,4.9972367335528265,0.37553078,0.61811477,0.25522572,0.43293864,0.2942921,0.16020867,0.1606559,0.16199055,0.12814851,0.0,0,1,0,0.07586206896551724,0.06666666666666667,0.07126436781609195,0.12245098614241488,Full Time,1
123,79357921,85000.0,120000.0,SIZE_C,Staffing and Recruiting,,Sydney,,New South Wales,11.839466901651656,0.47846907,0.8460575,0.11484062,0.43293864,0.18564305,0.19041811,0.060713947,0.06255256,0.0038838834,0.0,1,0,0,0.05862068965517241,0.07272727272727272,0.06567398119122257,0.32633993620682783,Full Time,1
124,79359153,110000.0,110000.0,SIZE_C,Staffing and Recruiting,,Sydney,,New South Wales,11.839466901651656,0.3630545,0.5904878,0.39438954,0.43293864,0.2563503,0.17875482,0.1331076,0.07273298,0.09164406,0.0,0,0,1,0.07586206896551724,0.06666666666666667,0.07126436781609195,0.32633993620682783,Contract/Temp,1
125,79360956,110000.0,110000.0,SIZE_C,Staffing and Recruiting,,Sydney,,New South Wales,11.839466901651656,0.36549497,0.59589183,0.27926943,0.43293864,0.30773985,0.2778505,0.10917871,0.14591634,0.23116395,0.0,1,1,0,0.07586206896551724,0.06666666666666667,0.07126436781609195,0.32633993620682783,Full Time,1
126,79379042,110000.0,110000.0,SIZE_C,Staffing and Recruiting,,Sydney,,New South Wales,11.839466901651656,0.5165913,0.930474,0.30221203,0.47550765,0.24912487,0.15092823,0.08994079,0.080554396,0.13325107,0.0,0,1,0,0.07586206896551724,0.06666666666666667,0.07126436781609195,0.32633993620682783,Full Time,1
127,79402477,110000.0,110000.0,SIZE_C,Staffing and Recruiting,,Sydney,,New South Wales,11.839466901651656,0.38078076,0.6297401,0.10693008,0.43293864,0.13360463,0.16990107,0.08413206,0.121578366,0.1752609,0.0,0,0,1,0.07586206896551724,0.06666666666666667,0.07126436781609195,0.32633993620682783,Contract/Temp,1
128,79412718,160000.0,175000.0,SIZE_C,Staffing and Recruiting,,Sydney,,New South Wales,11.839466901651656,0.34794402,0.5570277,0.5342042,0.47550765,0.0959692,0.15632829,0.012700999,0.123292126,0.17235602,0.0,0,1,0,0.1103448275862069,0.10606060606060606,0.10820271682340649,0.32633993620682783,Full Time,1
129,79415043,140000.0,160000.0,SIZE_C,Staffing and Recruiting,,Sydney,,New South Wales,11.839466901651656,0.49415466,0.880791,0.22686976,0.43293864,0.23338526,0.15062262,0.109498054,0.107554846,0.13001907,0.0,0,0,1,0.09655172413793103,0.09696969696969697,0.096760710553814,0.32633993620682783,Full Time,1
130,79419581,110000.0,110000.0,SIZE_C,Staffing and Recruiting,,Sydney,,New South Wales,11.839466901651656,0.44402963,0.7697961,0.1743559,0.21550474,0.23757295,0.104268186,0.06999439,0.13915086,0.12256622,0.0,0,0,1,0.07586206896551724,0.06666666666666667,0.07126436781609195,0.32633993620682783,Full Time,1
131,79442060,110000.0,110000.0,SIZE_C,Staffing and Recruiting,,Sydney,,New South Wales,11.839466901651656,0.38255107,0.63366026,0.36411804,0.47550765,0.17267567,0.24659668,0.14145201,0.15723085,0.17029841,0.0,0,1,0,0.07586206896551724,0.06666666666666667,0.07126436781609195,0.32633993620682783,Full Time,1
132,79473144,110000.0,110000.0,SIZE_C,Staffing and Recruiting,,Sydney,,New South Wales,11.839466901651656,0.31929195,0.4935816,0.40461507,0.40971553,0.32186866,0.21028176,0.11768364,0.1310789,0.15525492,0.0,0,0,1,0.07586206896551724,0.06666666666666667,0.07126436781609195,0.32633993620682783,Full Time,1
133,79476320,110000.0,110000.0,SIZE_C,Staffing and Recruiting,,Sydney,,New South Wales,11.839466901651656,0.3813081,0.6309079,0.49694246,0.47550765,0.26265836,0.2534133,0.16556486,0.073586546,0.16076648,0.0,0,0,1,0.07586206896551724,0.06666666666666667,0.07126436781609195,0.32633993620682783,Full Time,1
134,79510227,110000.0,110000.0,SIZE_C,Staffing and Recruiting,Artarmon,Sydney,,New South Wales,7.932519257798488,0.36335024,0.59114265,0.5152476,0.325816,0.16624746,0.1936188,0.054481253,0.14822096,0.12807316,0.0,0,0,1,0.07586206896551724,0.06666666666666667,0.07126436781609195,0.20991832607511376,Full Time,1
135,79529229,80000.0,100000.0,SIZE_C,Staffing and Recruiting,,Sydney,,New South Wales,11.839466901651656,0.45966,0.8044073,0.46622804,0.43293864,0.2307523,0.15081248,0.13048628,0.13995901,0.099379666,0.0,1,0,0,0.05517241379310345,0.06060606060606061,0.05788923719958203,0.32633993620682783,Full Time,1
136,79529936,110000.0,110000.0,SIZE_C,Staffing and Recruiting,,Sydney,,New South Wales,11.839466901651656,0.3112554,0.47578573,0.43403196,0.41755295,0.26127008,0.24677193,0.1297026,0.15795451,0.18978046,0.0,0,0,1,0.07586206896551724,0.06666666666666667,0.07126436781609195,0.32633993620682783,Full Time,1
137,79531626,110000.0,110000.0,SIZE_C,Staffing and Recruiting,Castle Hill,Sydney,,New South Wales,25.81159290601118,0.36453578,0.5937678,0.26928073,0.40134996,0.16879639,0.17086428,0.10068245,0.14262083,0.16884607,0.0,0,0,1,0.07586206896551724,0.06666666666666667,0.07126436781609195,0.7426898734653836,Casual/Vacation,1
138,79541379,95000.0,95000.0,SIZE_C,Staffing and Recruiting,Homebush,Sydney,,New South Wales,12.10395726234801,0.4268443,0.7317415,0.63393766,0.47550765,0.24047361,0.16248661,0.04943819,0.13989279,0.14720277,0.0,0,0,1,0.06551724137931035,0.05757575757575758,0.06154649947753396,0.3342213813818184,Full Time,1
139,79547898,110000.0,110000.0,SIZE_C,Staffing and Recruiting,,Sydney,,New South Wales,11.839466901651656,0.23991723,0.3178172,0.44686112,0.325816,0.27091914,0.13261515,0.0739967,0.27299798,0.24214467,0.0,0,1,0,0.07586206896551724,0.06666666666666667,0.07126436781609195,0.32633993620682783,Full Time,1
140,79557616,110000.0,110000.0,SIZE_C,Staffing and Recruiting,Chatswood,Sydney,,New South Wales,9.69760027302827,0.5315304,0.96355444,0.5265678,0.47550765,0.2475778,0.11514358,0.05861476,0.07193738,0.09360486,0.0,0,0,1,0.07586206896551724,0.06666666666666667,0.07126436781609195,0.26251528731908547,Full Time,1
141,79568875,110000.0,110000.0,SIZE_C,Staffing and Recruiting,,Sydney,,New South Wales,11.839466901651656,0.35893446,0.5813645,0.42328972,0.47550765,0.25324175,0.20479274,0.12209426,0.12810148,0.15389487,0.0,0,0,1,0.07586206896551724,0.06666666666666667,0.07126436781609195,0.32633993620682783,Full Time,1
142,79568987,110000.0,110000.0,SIZE_C,Staffing and Recruiting,,Sydney,,New South Wales,11.839466901651656,0.38289022,0.6344112,0.5281335,0.43293875,0.2504754,0.14874378,0.10078859,0.08385361,0.12684354,0.0,0,0,1,0.07586206896551724,0.06666666666666667,0.07126436781609195,0.32633993620682783,Full Time,1
143,79579733,110000.0,110000.0,SIZE_C,Staffing and Recruiting,,Sydney,,New South Wales,11.839466901651656,0.39012954,0.6504417,0.51388645,0.43293875,0.33055723,0.25284523,0.1321927,0.079456374,0.08701278,0.0,0,0,1,0.07586206896551724,0.06666666666666667,0.07126436781609195,0.32633993620682783,Full Time,1
144,79589196,110000.0,110000.0,SIZE_C,Staffing and Recruiting,,Sydney,,New South Wales,11.839466901651656,0.3379972,0.5350018,0.3472719,0.43293875,0.21929829,0.1896247,0.1517976,0.095454484,0.18906526,0.0,0,0,1,0.07586206896551724,0.06666666666666667,0.07126436781609195,0.32633993620682783,Full Time,1
145,79589198,110000.0,110000.0,SIZE_C,Staffing and Recruiting,,Sydney,,New South Wales,11.839466901651656,0.3379972,0.5350018,0.3472719,0.47550765,0.21929829,0.1896247,0.1517976,0.095454484,0.18906526,0.0,0,0,1,0.07586206896551724,0.06666666666666667,0.07126436781609195,0.32633993620682783,Full Time,1
146,79589257,110000.0,110000.0,SIZE_C,Staffing and Recruiting,,Sydney,,New South Wales,11.839466901651656,0.39773446,0.66728175,0.39263886,0.43293875,0.2379359,0.19674608,0.110065155,0.09322159,0.18307196,0.0,0,0,1,0.07586206896551724,0.06666666666666667,0.07126436781609195,0.32633993620682783,Full Time,1
147,79589258,110000.0,110000.0,SIZE_C,Staffing and Recruiting,,Sydney,,New South Wales,11.839466901651656,0.39773446,0.66728175,0.39263886,0.47550765,0.2379359,0.19674608,0.110065155,0.09322159,0.18307196,0.0,0,0,1,0.07586206896551724,0.06666666666666667,0.07126436781609195,0.32633993620682783,Full Time,1
148,79589307,110000.0,110000.0,SIZE_C,Staffing and Recruiting,,Sydney,,New South Wales,11.839466901651656,0.36411518,0.5928365,0.40816167,0.43293875,0.18283641,0.17960617,0.065538004,0.07917507,0.13439445,0.0,0,0,1,0.07586206896551724,0.06666666666666667,0.07126436781609195,0.32633993620682783,Full Time,1
149,79589310,110000.0,110000.0,SIZE_C,Staffing and Recruiting,,Sydney,,New South Wales,11.839466901651656,0.36411518,0.5928365,0.40816167,0.47550765,0.18283641,0.17960617,0.065538004,0.07917507,0.13439445,0.0,0,0,1,0.07586206896551724,0.06666666666666667,0.07126436781609195,0.32633993620682783,Full Time,1
150,79596850,110000.0,110000.0,SIZE_C,Staffing and Recruiting,Bella Vista,Sydney,,New South Wales,28.631410442055635,0.32056445,0.4963994,0.63393766,0.47550765,0.21038923,0.21545327,0.1195473,0.16505617,0.22262877,0.0,0,1,0,0.07586206896551724,0.06666666666666667,0.07126436781609195,0.8267165172164038,Full Time,1
151,79606500,110000.0,110000.0,SIZE_C,Staffing and Recruiting,,Sydney,,New South Wales,11.839466901651656,0.43261245,0.7445143,0.5693894,0.307216,0.16216938,0.1266227,0.05405186,0.12615237,0.07591547,0.0,0,1,0,0.07586206896551724,0.06666666666666667,0.07126436781609195,0.32633993620682783,Full Time,1
152,79611190,110000.0,110000.0,SIZE_C,Staffing and Recruiting,,Sydney,,New South Wales,11.839466901651656,0.47398406,0.836126,0.6281346,0.43293864,0.28503126,0.20577288,0.17165542,0.18208332,0.13209099,0.0,0,1,0,0.07586206896551724,0.06666666666666667,0.07126436781609195,0.32633993620682783,Full Time,1
153,79624491,110000.0,110000.0,SIZE_C,Staffing and Recruiting,,Sydney,,New South Wales,11.839466901651656,0.33538672,0.52922124,0.4228984,0.47550765,0.22189903,0.21924546,0.14924721,0.12831184,0.25183886,0.0,0,1,0,0.07586206896551724,0.06666666666666667,0.07126436781609195,0.32633993620682783,Full Time,1
154,79635704,110000.0,110000.0,SIZE_C,Staffing and Recruiting,,Sydney,,New South Wales,11.839466901651656,0.39157772,0.6536485,0.50879896,0.3052014,0.33976126,0.17566578,0.091943875,0.011843514,0.017273825,0.0,0,0,1,0.07586206896551724,0.06666666666666667,0.07126436781609195,0.32633993620682783,Contract/Temp,1
155,79651422,110000.0,110000.0,SIZE_C,Staffing and Recruiting,,Sydney,,New South Wales,11.839466901651656,0.42512527,0.72793496,0.3201357,0.47550765,0.21289818,0.15257974,0.1449159,0.184609,0.1872922,0.0,0,1,0,0.07586206896551724,0.06666666666666667,0.07126436781609195,0.32633993620682783,Full Time,1
156,79651617,180000.0,200000.0,SIZE_C,Staffing and Recruiting,,Sydney,,New South Wales,11.839466901651656,0.36137098,0.5867598,0.5101559,0.47550765,0.27762628,0.4130584,0.1421394,0.20110402,0.1760155,0.0,0,0,1,0.12413793103448276,0.12121212121212122,0.12267502612330199,0.32633993620682783,Full Time,1
157,79656006,110000.0,110000.0,SIZE_C,Staffing and Recruiting,,Sydney,,New South Wales,11.839466901651656,0.28987348,0.42843843,0.49694246,0.43293864,0.27721748,0.27628106,0.1112969,0.2542835,0.19257542,0.0,0,0,1,0.07586206896551724,0.06666666666666667,0.07126436781609195,0.32633993620682783,Full Time,1
158,79671007,110000.0,110000.0,SIZE_C,Staffing and Recruiting,,Sydney,,New South Wales,11.839466901651656,0.5479891,0.99999994,0.43483815,0.31581467,0.2834234,0.1514084,0.16518137,0.17073894,0.10918832,0.0,0,0,1,0.07586206896551724,0.06666666666666667,0.07126436781609195,0.32633993620682783,Full Time,1
159,79671854,110000.0,110000.0,SIZE_C,Staffing and Recruiting,,Sydney,,New South Wales,11.839466901651656,0.50215596,0.89850885,0.5693894,0.47550765,0.23433141,0.09120736,0.046808407,0.104897365,0.093972966,0.0,0,1,0,0.07586206896551724,0.06666666666666667,0.07126436781609195,0.32633993620682783,Contract/Temp,1
160,79698577,110000.0,110000.0,SIZE_C,Staffing and Recruiting,,Sydney,,New South Wales,11.839466901651656,0.3621095,0.58839524,0.5908985,0.43293864,0.23830414,0.14154917,0.08226481,0.046883766,0.04345125,0.0,0,1,0,0.07586206896551724,0.06666666666666667,0.07126436781609195,0.32633993620682783,Full Time,1
161,79700509,110000.0,110000.0,SIZE_C,Staffing and Recruiting,Chatswood,Sydney,,New South Wales,9.69760027302827,0.4291453,0.7368368,0.63393766,0.47550765,0.2585699,0.14879929,0.12268152,0.15578696,0.20873487,0.0,0,0,1,0.07586206896551724,0.06666666666666667,0.07126436781609195,0.26251528731908547,Full Time,1
162,79701186,110000.0,110000.0,SIZE_C,Staffing and Recruiting,Eveleigh,Sydney,,New South Wales,2.3014414121942193,0.5147487,0.9263937,0.49694246,0.47550765,0.24536759,0.1975198,0.088515125,0.167366,0.20685527,0.0,0,0,1,0.07586206896551724,0.06666666666666667,0.07126436781609195,0.042120032029965594,Full Time,1
163,79710683,110000.0,110000.0,SIZE_C,Staffing and Recruiting,North Sydney,Sydney,,New South Wales,4.9972367335528265,0.18809426,0.20306234,0.29759547,0.43293875,0.26067305,0.22122669,0.17159282,0.20801136,0.30093127,0.0,1,0,0,0.07586206896551724,0.06666666666666667,0.07126436781609195,0.12245098614241488,Full Time,1
164,79710706,110000.0,110000.0,SIZE_C,Staffing and Recruiting,,Sydney,,New South Wales,11.839466901651656,0.3412674,0.54224324,0.50038487,0.43293864,0.20150661,0.11904499,0.04086964,0.0188979,0.027609184,0.0,0,0,1,0.07586206896551724,0.06666666666666667,0.07126436781609195,0.32633993620682783,Full Time,1
165,79710857,110000.0,110000.0,SIZE_C,Staffing and Recruiting,,Sydney,,New South Wales,11.839466901651656,0.3901934,0.65058315,0.46622804,0.43293864,0.09425081,0.07297161,0.053592864,0.18278894,0.10759493,0.0,0,0,1,0.07586206896551724,0.06666666666666667,0.07126436781609195,0.32633993620682783,Full Time,1
166,79710885,110000.0,110000.0,SIZE_C,Staffing and Recruiting,,Sydney,,New South Wales,11.839466901651656,0.41884202,0.71402156,0.6339375,0.47550765,0.17786387,0.13910045,0.028652966,0.24289736,0.20622475,0.0,0,0,1,0.07586206896551724,0.06666666666666667,0.07126436781609195,0.32633993620682783,Full Time,1
167,79040379,110000.0,110000.0,SIZE_C,Staffing and Recruiting,,Sydney,,New South Wales,11.839466901651656,0.43690753,0.75402516,0.39257795,0.47550765,0.35077965,0.17495027,0.06327168,0.12338239,0.15258431,0.0,0,1,0,0.07586206896551724,0.06666666666666667,0.07126436781609195,0.32633993620682783,Full Time,1
168,79047443,110000.0,110000.0,SIZE_C,Staffing and Recruiting,,Sydney,,New South Wales,11.839466901651656,0.28620762,0.42032087,0.21648952,0.2803483,0.17890672,0.20743519,0.090385325,0.1697946,0.12970264,0.0,0,0,1,0.07586206896551724,0.06666666666666667,0.07126436781609195,0.32633993620682783,Full Time,1
169,79054598,110000.0,110000.0,SIZE_C,Staffing and Recruiting,,Sydney,,New South Wales,11.839466901651656,0.36662665,0.5983978,0.17188714,0.47550765,0.13579443,0.08613711,0.09738077,0.12925026,0.1363153,0.0,0,0,1,0.07586206896551724,0.06666666666666667,0.07126436781609195,0.32633993620682783,Full Time,1
170,79066015,110000.0,110000.0,SIZE_C,Staffing and Recruiting,North Sydney,Sydney,,New South Wales,4.9972367335528265,0.18641075,0.19933446,0.43338144,0.47550765,0.208842,0.19776331,0.19774912,0.09879883,0.1500315,0.0,0,0,1,0.07586206896551724,0.06666666666666667,0.07126436781609195,0.12245098614241488,Full Time,1
171,79067843,110000.0,110000.0,SIZE_C,Staffing and Recruiting,,Sydney,,New South Wales,11.839466901651656,0.32435608,0.50479543,0.30118644,0.47550765,0.2552233,0.16423497,0.08009063,0.07380523,0.09094307,0.0,0,0,1,0.07586206896551724,0.06666666666666667,0.07126436781609195,0.32633993620682783,Full Time,1
172,79099520,110000.0,110000.0,SIZE_C,Staffing and Recruiting,,Sydney,,New South Wales,11.839466901651656,0.34092116,0.54147655,0.24794085,0.325816,0.13402443,0.10239677,0.053988434,0.1382238,0.16994533,0.0,0,0,1,0.07586206896551724,0.06666666666666667,0.07126436781609195,0.32633993620682783,Contract/Temp,1
173,79129539,20000.0,20000.0,SIZE_C,Staffing and Recruiting,,Sydney,,New South Wales,11.839466901651656,0.33159038,0.5208148,0.14454558,0.325816,0.23696284,0.1571836,0.09052454,0.08282685,0.07374382,0.0,0,0,1,0.013793103448275862,0.012121212121212121,0.012957157784743992,0.32633993620682783,Full Time,1
174,79133709,110000.0,110000.0,SIZE_C,Staffing and Recruiting,,Sydney,,New South Wales,11.839466901651656,0.38167107,0.6317116,0.36517832,0.3052014,0.191742,0.100267604,0.055117283,0.035214163,0.062849924,0.0,0,0,1,0.07586206896551724,0.06666666666666667,0.07126436781609195,0.32633993620682783,Full Time,1
175,79139165,170000.0,190000.0,SIZE_C,Staffing and Recruiting,,Sydney,,New South Wales,11.839466901651656,0.4051432,0.6836874,0.49694246,0.47550765,0.21528745,0.24539629,0.14699578,0.102222,0.096779734,0.0,0,1,0,0.11724137931034483,0.11515151515151516,0.11619644723092999,0.32633993620682783,Full Time,1
176,79161768,110000.0,110000.0,SIZE_C,Staffing and Recruiting,North Sydney,Sydney,,New South Wales,4.9972367335528265,0.34520635,0.5509655,0.28827178,0.30599722,0.253045,0.11749852,0.06592354,0.11613308,0.09766375,0.0,0,1,0,0.07586206896551724,0.06666666666666667,0.07126436781609195,0.12245098614241488,Full Time,1
177,79167921,110000.0,110000.0,SIZE_C,Staffing and Recruiting,,Sydney,,New South Wales,11.839466901651656,0.36157578,0.58721334,0.35920826,0.47550765,0.21250725,0.08771172,0.047260482,0.13907664,0.14630136,0.0,0,1,0,0.07586206896551724,0.06666666666666667,0.07126436781609195,0.32633993620682783,Full Time,1
178,79174031,110000.0,110000.0,SIZE_C,Staffing and Recruiting,,Sydney,,New South Wales,11.839466901651656,0.34069,0.5409646,0.30118644,0.27767843,0.17095761,0.08098641,0.07997782,0.1592299,0.14659509,0.0,0,1,0,0.07586206896551724,0.06666666666666667,0.07126436781609195,0.32633993620682783,Contract/Temp,1
179,79200103,110000.0,110000.0,SIZE_C,Staffing and Recruiting,,Sydney,,New South Wales,11.839466901651656,0.39733264,0.66639197,0.4495083,0.47550765,0.13773441,0.136143,0.08677676,0.15173848,0.15401933,0.0,0,0,1,0.07586206896551724,0.06666666666666667,0.07126436781609195,0.32633993620682783,Full Time,1
180,79204836,110000.0,110000.0,SIZE_C,Staffing and Recruiting,,Sydney,,New South Wales,11.839466901651656,0.34590676,0.55251646,0.2477314,0.47550765,0.17793408,0.062233213,0.0704934,0.12300295,0.1257433,0.0,1,1,0,0.07586206896551724,0.06666666666666667,0.07126436781609195,0.32633993620682783,Contract/Temp,1
181,79205229,180000.0,220000.0,SIZE_C,Staffing and Recruiting,,Sydney,,New South Wales,11.839466901651656,0.39820325,0.6683198,0.46608642,0.47550765,0.16502765,0.16876937,0.060050033,0.07949358,0.035729848,0.0,0,1,0,0.12413793103448276,0.13333333333333333,0.12873563218390804,0.32633993620682783,Full Time,1
182,79223318,110000.0,110000.0,SIZE_C,Staffing and Recruiting,,Sydney,,New South Wales,11.839466901651656,0.3511032,0.5640232,0.19981417,0.325816,0.14269058,0.09863977,0.052335322,0.122380376,0.15185225,0.0,0,0,1,0.07586206896551724,0.06666666666666667,0.07126436781609195,0.32633993620682783,Contract/Temp,1
183,79245287,110000.0,110000.0,SIZE_C,Staffing and Recruiting,,Sydney,,New South Wales,11.839466901651656,0.3577232,0.57868236,0.48308474,0.28079078,0.3503465,0.19389787,0.15909897,0.1604034,0.20558426,0.0,0,0,1,0.07586206896551724,0.06666666666666667,0.07126436781609195,0.32633993620682783,Full Time,1
184,79248223,110000.0,110000.0,SIZE_C,Staffing and Recruiting,,Sydney,,New South Wales,11.839466901651656,0.3940805,0.65919054,0.4735203,0.27767843,0.21629786,0.08915644,0.052111432,0.03998769,0.08732225,0.0,0,1,0,0.07586206896551724,0.06666666666666667,0.07126436781609195,0.32633993620682783,Full Time,1
185,79249003,110000.0,110000.0,SIZE_C,Staffing and Recruiting,Surry Hills,Sydney,,New South Wales,11.464104788047777,0.3066333,0.46555072,0.3386925,0.43293875,0.3122836,0.33084196,0.1532063,0.11049251,0.19033006,0.0,1,1,0,0.07586206896551724,0.06666666666666667,0.07126436781609195,0.3151546668784914,Full Time,1
186,79258859,900.0,1000.0,SIZE_C,Staffing and Recruiting,,Sydney,,New South Wales,11.839466901651656,0.36869553,0.60297906,0.21845302,0.47550765,0.2405312,0.1771915,0.07606224,0.08532445,0.08787277,0.0,0,1,0,0.0006206896551724138,0.0006060606060606061,0.00061337513061651,0.32633993620682783,Contract/Temp,1
187,79277067,110000.0,110000.0,SIZE_C,Staffing and Recruiting,,Sydney,,New South Wales,11.839466901651656,0.3774302,0.6223208,0.50038487,0.47550765,0.17640206,0.12823148,0.08887929,0.22370511,0.1396143,0.0,0,1,0,0.07586206896551724,0.06666666666666667,0.07126436781609195,0.32633993620682783,Full Time,1
188,79292220,110000.0,110000.0,SIZE_C,Staffing and Recruiting,,Sydney,,New South Wales,11.839466901651656,0.4916829,0.87531763,0.4331358,0.43293875,0.24700166,0.19346562,0.13336414,0.23202844,0.17386952,0.0,0,0,1,0.07586206896551724,0.06666666666666667,0.07126436781609195,0.32633993620682783,Full Time,1
189,79297027,1000.0,1200.0,SIZE_C,Staffing and Recruiting,,Sydney,,New South Wales,11.839466901651656,0.39291748,0.65661526,0.45392653,0.47550765,0.2076451,0.22791126,0.095253706,0.13370001,0.124006286,0.0,0,0,1,0.000689655172413793,0.0007272727272727272,0.0007084639498432601,0.32633993620682783,Contract/Temp,1
190,79314094,110000.0,110000.0,SIZE_C,Staffing and Recruiting,,Sydney,,New South Wales,11.839466901651656,0.3667552,0.5986824,0.4931565,0.47550765,0.14134604,0.088805586,0.10151922,0.13631691,0.10186442,0.0,1,0,0,0.07586206896551724,0.06666666666666667,0.07126436781609195,0.32633993620682783,Full Time,1
191,79349816,110000.0,110000.0,SIZE_C,Staffing and Recruiting,,Sydney,,New South Wales,11.839466901651656,0.29516292,0.44015115,0.27209195,0.4237142,0.13583374,0.07750723,0.094650686,0.34496212,0.25514877,0.0,0,1,0,0.07586206896551724,0.06666666666666667,0.07126436781609195,0.32633993620682783,Full Time,1
192,79360077,160000.0,160000.0,SIZE_C,Staffing and Recruiting,,Sydney,,New South Wales,11.839466901651656,0.3950559,0.6613504,0.3359921,0.47550765,0.17625421,0.10849886,0.09684558,0.23982531,0.16342802,0.0,1,1,0,0.1103448275862069,0.09696969696969697,0.10365726227795194,0.32633993620682783,Full Time,1
193,79362439,110000.0,110000.0,SIZE_C,Staffing and Recruiting,,Sydney,,New South Wales,11.839466901651656,0.40468568,0.6826743,0.4672321,0.47550765,0.15836403,0.038968,0.040387213,0.071287744,0.05862631,0.0,0,0,1,0.07586206896551724,0.06666666666666667,0.07126436781609195,0.32633993620682783,Full Time,1
194,79366472,110000.0,110000.0,SIZE_C,Staffing and Recruiting,Eveleigh,Sydney,,New South Wales,2.3014414121942193,0.4349554,0.7497024,0.4596788,0.307216,0.29240927,0.11989483,0.14473984,0.090552606,0.15293801,0.0,0,0,1,0.07586206896551724,0.06666666666666667,0.07126436781609195,0.042120032029965594,Full Time,1
195,79380521,110000.0,110000.0,SIZE_C,Staffing and Recruiting,,Sydney,,New South Wales,11.839466901651656,0.36696082,0.5991378,0.49694246,0.307216,0.27653307,0.14592284,0.048976846,0.15086073,0.13542981,0.0,0,1,0,0.07586206896551724,0.06666666666666667,0.07126436781609195,0.32633993620682783,Full Time,1
196,79380905,110000.0,110000.0,SIZE_C,Staffing and Recruiting,,Sydney,,New South Wales,11.839466901651656,0.45253694,0.78863436,0.29027945,0.43293875,0.26374292,0.19403645,0.13002846,0.15794933,0.1117132,0.0,0,0,1,0.07586206896551724,0.06666666666666667,0.07126436781609195,0.32633993620682783,Full Time,1
197,79399096,110000.0,110000.0,SIZE_C,Staffing and Recruiting,,Sydney,,New South Wales,11.839466901651656,0.34391487,0.54810566,0.38088894,0.47550765,0.15213658,0.15088731,0.121291846,0.2233133,0.19631588,0.0,0,1,0,0.07586206896551724,0.06666666666666667,0.07126436781609195,0.32633993620682783,Full Time,1
198,79411945,110000.0,110000.0,SIZE_C,Staffing and Recruiting,Bella Vista,Sydney,,New South Wales,28.631410442055635,0.3849825,0.6390443,0.46608642,0.47550765,0.28041083,0.1871698,0.13448884,0.22275405,0.23599099,0.0,0,0,1,0.07586206896551724,0.06666666666666667,0.07126436781609195,0.8267165172164038,Full Time,1
199,79413854,110000.0,110000.0,SIZE_C,Staffing and Recruiting,,Sydney,,New South Wales,11.839466901651656,0.27957216,0.4056276,0.28766656,0.27767843,0.3053895,0.16405636,0.18334436,0.18051955,0.19936357,0.0,0,0,1,0.07586206896551724,0.06666666666666667,0.07126436781609195,0.32633993620682783,Full Time,1
200,79418512,110000.0,110000.0,SIZE_C,Staffing and Recruiting,,Sydney,,New South Wales,11.839466901651656,0.40684384,0.6874532,0.369384,0.47550765,0.19297865,0.110581666,0.08663875,0.03901072,0.08906996,0.0,1,0,0,0.07586206896551724,0.06666666666666667,0.07126436781609195,0.32633993620682783,Full Time,1
201,79434862,110000.0,110000.0,SIZE_C,Staffing and Recruiting,North Sydney,Sydney,,New South Wales,4.9972367335528265,0.096391864,0.0,0.4186404,0.47550765,0.15983552,0.19332297,0.19778945,0.14276507,0.23426962,0.0,0,0,1,0.07586206896551724,0.06666666666666667,0.07126436781609195,0.12245098614241488,Full Time,1
202,79435126,110000.0,110000.0,SIZE_C,Staffing and Recruiting,North Sydney,Sydney,,New South Wales,4.9972367335528265,0.11166927,0.03382972,0.36776656,0.47550765,0.15896155,0.2136493,0.18386458,0.13518085,0.22285432,0.0,0,0,1,0.07586206896551724,0.06666666666666667,0.07126436781609195,0.12245098614241488,Full Time,1
203,79442610,110000.0,110000.0,SIZE_C,Staffing and Recruiting,,Sydney,,New South Wales,11.839466901651656,0.39984342,0.6719518,0.37389833,0.47550765,0.17179571,0.2262378,0.13251355,0.15322654,0.17834647,0.0,0,1,0,0.07586206896551724,0.06666666666666667,0.07126436781609195,0.32633993620682783,Full Time,1
204,79445519,110000.0,110000.0,SIZE_C,Staffing and Recruiting,,Sydney,,New South Wales,11.839466901651656,0.45722237,0.7990096,0.46608642,0.47550765,0.20689142,0.061426595,0.07480695,0.10266468,0.12699333,0.0,0,0,1,0.07586206896551724,0.06666666666666667,0.07126436781609195,0.32633993620682783,Full Time,1
205,79448089,110000.0,110000.0,SIZE_C,Staffing and Recruiting,Eveleigh,Sydney,,New South Wales,2.3014414121942193,0.37685585,0.6210489,0.46130395,0.47550765,0.29755825,0.2756755,0.13825509,0.098294705,0.18910173,0.0,0,1,0,0.07586206896551724,0.06666666666666667,0.07126436781609195,0.042120032029965594,Full Time,1
206,79449922,110000.0,110000.0,SIZE_C,Staffing and Recruiting,,Sydney,,New South Wales,11.839466901651656,0.37958398,0.62709004,0.48127997,0.15146664,0.19888553,0.107831724,0.11738057,0.22557297,0.12304265,0.0,0,1,0,0.07586206896551724,0.06666666666666667,0.07126436781609195,0.32633993620682783,Full Time,1
207,79451127,170000.0,180000.0,SIZE_C,Staffing and Recruiting,Surry Hills,Sydney,,New South Wales,11.464104788047777,0.34180093,0.54342467,0.24426755,0.47550765,0.15301697,0.1840657,0.08556392,0.23445523,0.19273542,0.0,0,0,1,0.11724137931034483,0.10909090909090909,0.11316614420062696,0.3151546668784914,Full Time,1
208,79460286,110000.0,130000.0,SIZE_C,Staffing and Recruiting,,Sydney,,New South Wales,11.839466901651656,0.30260974,0.45664114,0.30118644,0.43293875,0.21082674,0.16307312,0.15018037,0.15629548,0.19265673,0.0,0,1,0,0.07586206896551724,0.07878787878787878,0.07732497387669801,0.32633993620682783,Full Time,1
209,79485280,110000.0,110000.0,SIZE_C,Staffing and Recruiting,,Sydney,,New South Wales,11.839466901651656,0.41861266,0.7135137,0.46608642,0.47550765,0.2768559,0.14623569,0.05093681,0.115521476,0.12051154,0.0,0,1,0,0.07586206896551724,0.06666666666666667,0.07126436781609195,0.32633993620682783,Full Time,1
210,79486153,110000.0,110000.0,SIZE_C,Staffing and Recruiting,,Sydney,,New South Wales,11.839466901651656,0.3565142,0.5760051,0.30765218,0.325816,0.16683888,0.11292067,0.07081499,0.13047259,0.11729358,0.0,1,0,0,0.07586206896551724,0.06666666666666667,0.07126436781609195,0.32633993620682783,Full Time,1
211,79487966,110000.0,110000.0,SIZE_C,Staffing and Recruiting,Surry Hills,Sydney,,New South Wales,11.464104788047777,0.33553922,0.52955896,0.34608728,0.43293864,0.44498038,0.32068574,0.3240579,0.137527,0.26682356,0.0,0,1,0,0.07586206896551724,0.06666666666666667,0.07126436781609195,0.3151546668784914,Full Time,1
212,79504089,110000.0,110000.0,SIZE_C,Staffing and Recruiting,,Sydney,,New South Wales,11.839466901651656,0.4047136,0.6827361,0.22194761,0.47550765,0.30500865,0.16015744,0.15340875,0.19808972,0.21508786,0.0,0,0,1,0.07586206896551724,0.06666666666666667,0.07126436781609195,0.32633993620682783,Full Time,1
213,79511039,110000.0,110000.0,SIZE_C,Staffing and Recruiting,,Sydney,,New South Wales,11.839466901651656,0.332798,0.5234889,0.44735494,0.39798254,0.25367725,0.15910338,0.10947163,0.1143906,0.08889614,0.0,0,0,1,0.07586206896551724,0.06666666666666667,0.07126436781609195,0.32633993620682783,Full Time,1
214,79512535,110000.0,110000.0,SIZE_C,Staffing and Recruiting,,Sydney,,New South Wales,11.839466901651656,0.34289068,0.54583776,0.3278154,0.47550765,0.19722907,0.18508916,0.17160821,0.21543172,0.20893316,0.0,0,1,0,0.07586206896551724,0.06666666666666667,0.07126436781609195,0.32633993620682783,Full Time,1
215,79517474,180000.0,180000.0,SIZE_C,Staffing and Recruiting,North Ryde,Sydney,,New South Wales,12.65022949285366,0.3517123,0.565372,0.21329102,0.325816,0.15441923,0.07745364,0.05412519,0.18917625,0.14706637,0.0,0,1,0,0.12413793103448276,0.10909090909090909,0.11661442006269593,0.35049953467260275,Full Time,1
216,79526685,110000.0,110000.0,SIZE_C,Staffing and Recruiting,,Sydney,,New South Wales,11.839466901651656,0.3211481,0.4976918,0.50038487,0.47550765,0.2438349,0.105399825,0.05027359,0.10901028,0.12801448,0.0,0,0,1,0.07586206896551724,0.06666666666666667,0.07126436781609195,0.32633993620682783,Contract/Temp,1
217,79530322,110000.0,110000.0,SIZE_C,Staffing and Recruiting,,Sydney,,New South Wales,11.839466901651656,0.45680135,0.7980773,0.46608642,0.47550765,0.34022927,0.11308062,0.08649687,0.06376352,0.09096152,0.0,0,0,1,0.07586206896551724,0.06666666666666667,0.07126436781609195,0.32633993620682783,Full Time,1
218,79533599,0.0,0.0,SIZE_C,Staffing and Recruiting,,Sydney,,New South Wales,11.839466901651656,0.42989376,0.7384941,0.3512459,0.47550765,0.11360107,0.09253334,0.065499105,0.08557622,0.082698494,0.0,0,0,1,0.0,0.0,0.0,0.32633993620682783,Full Time,1
219,79541268,110000.0,110000.0,SIZE_C,Staffing and Recruiting,,Sydney,,New South Wales,11.839466901651656,0.40718782,0.68821496,0.4103225,0.43293875,0.31201297,0.17770255,0.08542432,0.14474338,0.19260831,0.0,0,0,1,0.07586206896551724,0.06666666666666667,0.07126436781609195,0.32633993620682783,Full Time,1
220,79550513,110000.0,110000.0,SIZE_C,Staffing and Recruiting,,Sydney,,New South Wales,11.839466901651656,0.41873246,0.713779,0.50038487,0.47550765,0.22541723,0.25305125,0.18933004,0.0836909,0.17553857,0.0,0,0,1,0.07586206896551724,0.06666666666666667,0.07126436781609195,0.32633993620682783,Full Time,1
221,79558268,1050.0,1050.0,SIZE_C,Staffing and Recruiting,Parramatta,Sydney,,New South Wales,21.731726893975797,0.23034593,0.29662287,0.28642505,0.43293864,0.18709846,0.080671415,0.07981005,0.11101535,0.10812914,0.0,0,0,1,0.0007241379310344827,0.0006363636363636364,0.0006802507836990595,0.6211155362740185,Contract/Temp,1
222,79561123,110000.0,110000.0,SIZE_C,Staffing and Recruiting,,Sydney,,New South Wales,11.839466901651656,0.26515216,0.37369645,0.60163987,0.47550765,0.3043604,0.27229464,0.119501635,0.1850262,0.26374754,0.0,0,0,1,0.07586206896551724,0.06666666666666667,0.07126436781609195,0.32633993620682783,Full Time,1
223,79564814,130000.0,160000.0,SIZE_C,Staffing and Recruiting,East Ryde,Sydney,,New South Wales,11.089857131177526,0.39597988,0.6633965,0.49694246,0.47550765,0.28940606,0.14085132,0.077017605,0.14360774,0.14103717,0.0,0,0,1,0.0896551724137931,0.09696969696969697,0.09331243469174504,0.30400260681200814,Full Time,1
224,79567563,140000.0,160000.0,SIZE_C,Staffing and Recruiting,,Sydney,,New South Wales,11.839466901651656,0.45134705,0.7859995,0.4776751,0.47550765,0.1739471,0.13837905,0.05018922,0.19170144,0.11679582,0.0,0,0,1,0.09655172413793103,0.09696969696969697,0.096760710553814,0.32633993620682783,Full Time,1
225,79569393,160000.0,200000.0,SIZE_C,Staffing and Recruiting,,Sydney,,New South Wales,11.839466901651656,0.34900957,0.5593872,0.25165758,0.47550765,0.1806081,0.1318353,0.1101134,0.16881134,0.11764951,0.0,0,0,1,0.1103448275862069,0.12121212121212122,0.11577847439916406,0.32633993620682783,Full Time,1
226,79569998,110000.0,110000.0,SIZE_C,Staffing and Recruiting,Bella Vista,Sydney,,New South Wales,28.631410442055635,0.3094932,0.47188365,0.60163987,0.47550765,0.1740671,0.24826649,0.09573401,0.111006424,0.17136663,0.0,0,0,1,0.07586206896551724,0.06666666666666667,0.07126436781609195,0.8267165172164038,Full Time,1
227,79576052,110000.0,110000.0,SIZE_C,Staffing and Recruiting,,Sydney,,New South Wales,11.839466901651656,0.36377677,0.59208715,0.30765218,0.325816,0.16242388,0.111144304,0.074387565,0.13719614,0.113939464,0.0,0,1,0,0.07586206896551724,0.06666666666666667,0.07126436781609195,0.32633993620682783,Full Time,1
228,79588934,110000.0,110000.0,SIZE_C,Staffing and Recruiting,Haymarket,Sydney,,New South Wales,0.8879515995012189,0.26721472,0.3782637,0.34608728,0.47550765,0.38885087,0.29340297,0.31695634,0.1610286,0.2826221,0.0,0,0,1,0.07586206896551724,0.06666666666666667,0.07126436781609195,0.0,Full Time,1
229,79594369,200000.0,220000.0,SIZE_C,Staffing and Recruiting,,Sydney,,New South Wales,11.839466901651656,0.34864014,0.55856913,0.34020668,0.47550765,0.21730128,0.17360018,0.096299276,0.14298107,0.08079858,0.0,0,1,0,0.13793103448275862,0.13333333333333333,0.135632183908046,0.32633993620682783,Full Time,1
230,79598108,180000.0,200000.0,SIZE_C,Staffing and Recruiting,,Sydney,,New South Wales,11.839466901651656,0.43034494,0.7394932,0.24552274,0.47550765,0.23901466,0.14660694,0.085369684,0.1844911,0.16443872,0.0,0,0,1,0.12413793103448276,0.12121212121212122,0.12267502612330199,0.32633993620682783,Full Time,1
231,79599719,150000.0,215000.0,SIZE_C,Staffing and Recruiting,,Sydney,,New South Wales,11.839466901651656,0.31495434,0.48397654,0.63068175,0.31507835,0.21770233,0.10761714,0.027399436,0.10012055,0.07969666,0.0,0,0,1,0.10344827586206896,0.1303030303030303,0.11687565308254963,0.32633993620682783,Full Time,1
232,79604620,140000.0,175000.0,SIZE_C,Staffing and Recruiting,,Sydney,,New South Wales,11.839466901651656,0.35109985,0.5640158,0.48092788,0.47550765,0.21503812,0.16843157,0.14299016,0.10890395,0.1485468,0.0,0,0,1,0.09655172413793103,0.10606060606060606,0.10130616509926854,0.32633993620682783,Full Time,1
233,79613498,110000.0,110000.0,SIZE_C,Staffing and Recruiting,,Sydney,,New South Wales,11.839466901651656,0.38801795,0.6457659,0.4778021,0.47550765,0.20751679,0.13055661,0.08736724,0.11775881,0.11376034,0.0,0,0,1,0.07586206896551724,0.06666666666666667,0.07126436781609195,0.32633993620682783,Full Time,1
234,79615353,110000.0,110000.0,SIZE_C,Staffing and Recruiting,,Sydney,,New South Wales,11.839466901651656,0.44208547,0.765491,0.49694246,0.43293864,0.16411816,0.20101298,0.13585338,0.17122172,0.18840218,0.0,0,1,0,0.07586206896551724,0.06666666666666667,0.07126436781609195,0.32633993620682783,Full Time,1
235,79617216,110000.0,110000.0,SIZE_C,Staffing and Recruiting,,Sydney,,New South Wales,11.839466901651656,0.42718154,0.7324883,0.26589346,0.47550765,0.19166726,0.1525433,0.13375896,0.15715644,0.14180431,0.0,0,1,0,0.07586206896551724,0.06666666666666667,0.07126436781609195,0.32633993620682783,Full Time,1
236,79620264,110000.0,110000.0,SIZE_C,Staffing and Recruiting,,Sydney,,New South Wales,11.839466901651656,0.402918,0.67876005,0.50038487,0.43293875,0.31790003,0.1296958,0.13320743,0.070602775,-0.0013804585,0.0,0,0,1,0.07586206896551724,0.06666666666666667,0.07126436781609195,0.32633993620682783,Contract/Temp,1
237,79625338,80000.0,90000.0,SIZE_C,Staffing and Recruiting,,Sydney,,New South Wales,11.839466901651656,0.31618983,0.4867124,0.38693392,0.43293875,0.1385041,0.11518098,0.043896355,0.10982819,0.07943991,0.0,0,0,1,0.05517241379310345,0.05454545454545454,0.05485893416927899,0.32633993620682783,Part Time,1
238,79633096,110000.0,110000.0,SIZE_C,Staffing and Recruiting,,Sydney,,New South Wales,11.839466901651656,0.2927361,0.43477732,0.57885766,0.47550765,0.17953345,0.20981155,0.090161055,0.3481485,0.22609344,0.0,0,0,1,0.07586206896551724,0.06666666666666667,0.07126436781609195,0.32633993620682783,Full Time,1
239,79634627,110000.0,110000.0,SIZE_C,Staffing and Recruiting,,Sydney,,New South Wales,11.839466901651656,0.31705213,0.48862183,0.39970827,0.47550765,0.3201301,0.11623857,0.04430785,-0.0028087236,0.032639273,0.0,0,0,1,0.07586206896551724,0.06666666666666667,0.07126436781609195,0.32633993620682783,Full Time,1
240,79639223,1000.0,1000.0,SIZE_C,Staffing and Recruiting,,Sydney,,New South Wales,11.839466901651656,0.3757046,0.61849964,0.50038487,0.47550765,0.18474525,0.11101852,0.029574301,0.22682896,0.15536757,0.0,0,0,1,0.000689655172413793,0.0006060606060606061,0.0006478578892371996,0.32633993620682783,Contract/Temp,1
241,79676182,110000.0,110000.0,SIZE_C,Staffing and Recruiting,,Sydney,,New South Wales,11.839466901651656,0.3774192,0.6222964,0.48723108,0.47550765,0.22226112,0.10681008,0.087159,0.12997948,0.1340211,0.0,0,0,1,0.07586206896551724,0.06666666666666667,0.07126436781609195,0.32633993620682783,Full Time,1
242,79676777,110000.0,110000.0,SIZE_C,Staffing and Recruiting,,Sydney,,New South Wales,11.839466901651656,0.3592283,0.5820152,0.50038487,0.47550765,0.24634215,0.11810319,0.09780181,0.15614517,0.12412912,0.0,0,0,1,0.07586206896551724,0.06666666666666667,0.07126436781609195,0.32633993620682783,Contract/Temp,1
243,79688724,120000.0,133000.0,SIZE_C,Staffing and Recruiting,,Sydney,,New South Wales,11.839466901651656,0.38296527,0.6345774,0.457537,0.43293864,0.30092263,0.21528286,0.14160107,0.22535172,0.2745392,0.0,0,0,1,0.08275862068965517,0.08060606060606061,0.0816823406478579,0.32633993620682783,Full Time,1
244,79690455,110000.0,110000.0,SIZE_C,Staffing and Recruiting,,Sydney,,New South Wales,11.839466901651656,0.4481782,0.7789825,0.49694246,0.43293864,0.22402465,0.1825522,0.08639545,0.10285142,0.08100206,0.0,0,0,1,0.07586206896551724,0.06666666666666667,0.07126436781609195,0.32633993620682783,Full Time,1
245,79690604,110000.0,110000.0,SIZE_C,Staffing and Recruiting,,Sydney,,New South Wales,11.839466901651656,0.3577232,0.57868236,0.48308474,0.28079078,0.3503465,0.19389787,0.15909897,0.1604034,0.20558426,0.0,0,0,1,0.07586206896551724,0.06666666666666667,0.07126436781609195,0.32633993620682783,Full Time,1
246,79691009,110000.0,110000.0,SIZE_C,Staffing and Recruiting,Eveleigh,Sydney,,New South Wales,2.3014414121942193,0.27312118,0.39134276,0.31339544,0.2803483,0.28246242,0.13015956,0.14230812,0.13713694,0.22530581,0.0,0,0,1,0.07586206896551724,0.06666666666666667,0.07126436781609195,0.042120032029965594,Full Time,1
247,79692374,1450000.0,1650000.0,SIZE_C,Staffing and Recruiting,,Sydney,,New South Wales,11.839466901651656,0.365026,0.59485334,0.22940445,0.47550765,0.1614705,0.25537804,0.04315554,0.23326114,0.18444777,0.0,1,0,0,1.0,1.0,1.0,0.32633993620682783,Full Time,1
248,79695888,110000.0,110000.0,SIZE_C,Staffing and Recruiting,Surry Hills,Sydney,,New South Wales,11.464104788047777,0.15367949,0.12685557,0.6339375,0.47550765,0.14203036,0.24155429,0.08966206,0.18897423,0.27446607,0.0,0,0,1,0.07586206896551724,0.06666666666666667,0.07126436781609195,0.3151546668784914,Full Time,1
249,79696000,0.0,0.0,SIZE_C,Staffing and Recruiting,,Sydney,,New South Wales,11.839466901651656,0.3927658,0.6562793,0.41237527,0.47550765,0.19381276,0.14576544,0.042655118,0.0898769,0.110573485,0.0,0,1,0,0.0,0.0,0.0,0.32633993620682783,Full Time,1
250,79040921,110000.0,110000.0,SIZE_C,Staffing and Recruiting,Pymble,Sydney,,New South Wales,16.86871585046273,0.31133163,0.4759546,0.6709876,0.30599722,0.12564664,0.22942384,0.15539733,0.29961026,0.40687233,0.0,1,0,0,0.07586206896551724,0.06666666666666667,0.07126436781609195,0.4762045655153389,Full Time,1
251,79054116,110000.0,110000.0,SIZE_C,Staffing and Recruiting,,Sydney,,New South Wales,11.839466901651656,0.38683203,0.64313984,0.34084967,0.43293864,0.2856203,0.18242803,0.15086219,0.17145747,0.18158062,0.0,0,0,1,0.07586206896551724,0.06666666666666667,0.07126436781609195,0.32633993620682783,Contract/Temp,1
252,79059311,110000.0,110000.0,SIZE_C,Staffing and Recruiting,,Sydney,,New South Wales,11.839466901651656,0.35307178,0.5683824,0.34855717,0.28235936,0.3317123,0.22039013,0.09757088,0.09916249,0.19799492,0.0,0,1,0,0.07586206896551724,0.06666666666666667,0.07126436781609195,0.32633993620682783,Full Time,1
253,79063317,110000.0,110000.0,SIZE_C,Staffing and Recruiting,,Sydney,,New South Wales,11.839466901651656,0.3994344,0.671046,0.2526185,0.43293864,0.32173285,0.1811212,0.034414742,0.17997831,0.14524238,0.0,0,0,1,0.07586206896551724,0.06666666666666667,0.07126436781609195,0.32633993620682783,Full Time,1
254,79080340,110000.0,110000.0,SIZE_C,Staffing and Recruiting,Sydney Olympic Park,Sydney,,New South Wales,13.863850631891609,0.24739061,0.33436596,0.62647283,0.39798254,0.13295189,0.06992571,0.06929349,0.08496242,0.11032414,0.0,0,0,1,0.07586206896551724,0.06666666666666667,0.07126436781609195,0.38666375799383873,Full Time,1
255,79085171,110000.0,110000.0,SIZE_C,Staffing and Recruiting,,Sydney,,New South Wales,11.839466901651656,0.27417564,0.3936777,0.47142,0.28235936,0.2081717,0.18290906,0.14595819,0.05966512,0.17624795,0.0,0,1,0,0.07586206896551724,0.06666666666666667,0.07126436781609195,0.32633993620682783,Full Time,1
256,79107886,110000.0,110000.0,SIZE_C,Staffing and Recruiting,,Sydney,,New South Wales,11.839466901651656,0.40249225,0.6778172,0.38708884,0.35047147,0.21421069,0.092064895,0.10913123,0.11131324,0.12614104,0.0,0,1,0,0.07586206896551724,0.06666666666666667,0.07126436781609195,0.32633993620682783,Full Time,1
257,79123801,110000.0,110000.0,SIZE_C,Staffing and Recruiting,,Sydney,,New South Wales,11.839466901651656,0.35150144,0.5649051,0.36055672,0.28235936,0.15413037,0.30056733,0.079507306,0.08832355,0.10682855,0.0,0,0,1,0.07586206896551724,0.06666666666666667,0.07126436781609195,0.32633993620682783,Full Time,1
258,79126281,110000.0,110000.0,SIZE_C,Staffing and Recruiting,Chippendale,Sydney,,New South Wales,1.4511911539165319,0.36590677,0.5968037,0.60163987,0.47550765,0.297496,0.20648023,0.175645,0.1678566,0.2068128,0.0,0,1,0,0.07586206896551724,0.06666666666666667,0.07126436781609195,0.01678375596306412,Full Time,1
259,79129587,110000.0,110000.0,SIZE_C,Staffing and Recruiting,,Sydney,,New South Wales,11.839466901651656,0.33876795,0.53670853,0.51508665,0.30599722,0.1548425,0.105423704,0.066972084,0.23228076,0.21102157,0.0,0,1,0,0.07586206896551724,0.06666666666666667,0.07126436781609195,0.32633993620682783,Contract/Temp,1
260,79163828,110000.0,110000.0,SIZE_C,Staffing and Recruiting,North Sydney,Sydney,,New South Wales,4.9972367335528265,0.3139274,0.48170257,0.41419035,0.43293875,0.11173634,0.09208009,0.040581547,0.06330135,0.11103588,0.0,0,0,1,0.07586206896551724,0.06666666666666667,0.07126436781609195,0.12245098614241488,Full Time,1
261,79166265,110000.0,110000.0,SIZE_C,Staffing and Recruiting,Macquarie Park,Sydney,,New South Wales,15.229144957143479,0.23701364,0.3113876,0.3757745,0.37787408,0.19088377,0.24336788,0.117116004,0.058372624,0.11032744,0.0,1,0,0,0.07586206896551724,0.06666666666666667,0.07126436781609195,0.4273476314774243,Full Time,1
262,79187912,110000.0,110000.0,SIZE_C,Staffing and Recruiting,North Sydney,Sydney,,New South Wales,4.9972367335528265,0.40834254,0.6907719,0.6135681,0.31507835,0.2366477,0.16153961,0.12604122,0.06396656,0.066728234,0.0,0,1,0,0.07586206896551724,0.06666666666666667,0.07126436781609195,0.12245098614241488,Full Time,1
263,79190899,110000.0,110000.0,SIZE_C,Staffing and Recruiting,,Sydney,,New South Wales,11.839466901651656,0.36188054,0.5878882,0.34965035,0.3059973,0.11600912,0.18728733,0.11331402,0.06669429,0.07661278,0.0,1,1,0,0.07586206896551724,0.06666666666666667,0.07126436781609195,0.32633993620682783,Full Time,1
264,79194324,110000.0,110000.0,SIZE_C,Staffing and Recruiting,,Sydney,,New South Wales,11.839466901651656,0.14069366,0.09810026,0.7124609,0.3059973,0.16724056,0.15870836,0.021363458,0.14527214,0.17407542,0.0,0,0,1,0.07586206896551724,0.06666666666666667,0.07126436781609195,0.32633993620682783,Contract/Temp,1
265,79216264,110000.0,110000.0,SIZE_C,Staffing and Recruiting,,Sydney,,New South Wales,11.839466901651656,0.3105846,0.47430038,0.6171046,0.3059973,0.18391065,0.13640596,0.058727924,0.2073342,0.15644413,0.0,0,0,1,0.07586206896551724,0.06666666666666667,0.07126436781609195,0.32633993620682783,Contract/Temp,1
266,79236516,150000.0,170000.0,SIZE_C,Staffing and Recruiting,Haymarket,Sydney,,New South Wales,0.8879515995012189,0.32820952,0.5133283,0.43852443,0.41545168,0.13404088,0.06826298,0.015631713,0.18570568,0.17076828,0.0,1,0,0,0.10344827586206896,0.10303030303030303,0.10323928944618599,0.0,Full Time,1
267,79238397,110000.0,110000.0,SIZE_C,Staffing and Recruiting,,Sydney,,New South Wales,11.839466901651656,0.4050499,0.6834808,0.48972216,0.47550765,0.2504021,0.1577858,0.119412385,0.108937174,0.13932493,0.0,0,1,0,0.07586206896551724,0.06666666666666667,0.07126436781609195,0.32633993620682783,Full Time,1
268,79246080,110000.0,110000.0,SIZE_C,Staffing and Recruiting,North Sydney,Sydney,,New South Wales,4.9972367335528265,0.34015495,0.53977984,0.35650247,0.34513187,0.15934351,0.06359546,0.03497891,0.014748966,0.11681158,0.0,0,0,1,0.07586206896551724,0.06666666666666667,0.07126436781609195,0.12245098614241488,Full Time,1
269,79275007,1200.0,1200.0,SIZE_C,Staffing and Recruiting,,Sydney,,New South Wales,11.839466901651656,0.20321089,0.23653607,0.6611851,0.30599722,0.19041106,0.15614712,0.04781812,0.13658726,0.1837898,0.0,0,1,0,0.0008275862068965517,0.0007272727272727272,0.0007774294670846395,0.32633993620682783,Contract/Temp,1
270,79276443,110000.0,110000.0,SIZE_C,Staffing and Recruiting,,Sydney,,New South Wales,11.839466901651656,0.40864557,0.6914429,0.46585834,0.325816,0.23362519,0.19121459,0.07893765,0.0675157,0.088354886,0.0,1,0,0,0.07586206896551724,0.06666666666666667,0.07126436781609195,0.32633993620682783,Full Time,1
271,79278357,110000.0,110000.0,SIZE_C,Staffing and Recruiting,,Sydney,,New South Wales,11.839466901651656,0.35638082,0.5757098,0.6709876,0.3059973,0.20141844,0.17844382,0.053852905,0.23777038,0.23691623,0.0,0,1,0,0.07586206896551724,0.06666666666666667,0.07126436781609195,0.32633993620682783,Contract/Temp,1
272,79312763,110000.0,110000.0,SIZE_C,Staffing and Recruiting,Macquarie Park,Sydney,,New South Wales,15.229144957143479,0.2773702,0.40075165,0.43276545,0.3059973,0.23819204,0.21144962,0.10140294,0.1998037,0.20858061,0.0,0,0,1,0.07586206896551724,0.06666666666666667,0.07126436781609195,0.4273476314774243,Full Time,1
273,79314251,110000.0,110000.0,SIZE_C,Staffing and Recruiting,,Sydney,,New South Wales,11.839466901651656,0.22349931,0.28146195,0.15091084,0.31507835,0.3346824,0.24562834,0.22265756,0.123330936,0.13639271,0.0,0,0,1,0.07586206896551724,0.06666666666666667,0.07126436781609195,0.32633993620682783,Full Time,1
274,79336828,110000.0,110000.0,SIZE_C,Staffing and Recruiting,,Sydney,,New South Wales,11.839466901651656,0.36179107,0.58769006,0.5168254,0.3607868,0.1730733,0.14550783,0.08799015,0.027806392,0.113457285,0.0,0,0,1,0.07586206896551724,0.06666666666666667,0.07126436781609195,0.32633993620682783,Casual/Vacation,1
275,79344542,110000.0,110000.0,SIZE_C,Staffing and Recruiting,,Sydney,,New South Wales,11.839466901651656,0.22566725,0.28626257,0.3816803,0.17975971,0.10902037,0.29513258,0.12831649,0.21239337,0.28552574,0.0,1,0,0,0.07586206896551724,0.06666666666666667,0.07126436781609195,0.32633993620682783,Full Time,1
276,79352759,110000.0,110000.0,SIZE_C,Staffing and Recruiting,,Sydney,,New South Wales,11.839466901651656,0.18718442,0.20104764,0.6331653,0.2803483,0.16412812,0.06535046,0.03665969,0.15533927,0.20456143,0.0,0,0,1,0.07586206896551724,0.06666666666666667,0.07126436781609195,0.32633993620682783,Full Time,1
277,79353623,110000.0,110000.0,SIZE_C,Staffing and Recruiting,,Sydney,,New South Wales,11.839466901651656,0.2547918,0.35075486,0.44169274,0.20544499,0.28493863,0.14230311,0.14979854,0.059208352,0.1660921,0.0,0,0,1,0.07586206896551724,0.06666666666666667,0.07126436781609195,0.32633993620682783,Full Time,1
278,79367087,110000.0,110000.0,SIZE_C,Staffing and Recruiting,Eveleigh,Sydney,,New South Wales,2.3014414121942193,0.26809713,0.38021773,0.38780212,0.307216,0.19857988,0.30947682,0.11723781,0.091973655,0.19416465,0.0,0,0,1,0.07586206896551724,0.06666666666666667,0.07126436781609195,0.042120032029965594,Full Time,1
279,79378415,110000.0,110000.0,SIZE_C,Staffing and Recruiting,,Sydney,,New South Wales,11.839466901651656,0.30457282,0.4609881,0.47635895,0.32579097,0.23343089,0.23081514,0.21550892,0.33899826,0.50765646,0.0,0,1,0,0.07586206896551724,0.06666666666666667,0.07126436781609195,0.32633993620682783,Full Time,1
280,79382663,110000.0,110000.0,SIZE_C,Staffing and Recruiting,,Sydney,,New South Wales,11.839466901651656,0.3430137,0.54611015,0.3208419,0.26213878,0.26275772,0.07030755,0.087522745,0.20667356,0.15194428,0.0,0,0,1,0.07586206896551724,0.06666666666666667,0.07126436781609195,0.32633993620682783,Full Time,1
281,79383659,0.0,0.0,SIZE_C,Staffing and Recruiting,,Sydney,,New South Wales,11.839466901651656,0.16058609,0.14214928,0.46246982,0.3059973,0.12992507,0.1342201,0.07141207,0.16243729,0.123219155,0.0,0,0,1,0.0,0.0,0.0,0.32633993620682783,Full Time,1
282,79386324,0.0,0.0,SIZE_C,Staffing and Recruiting,,Sydney,,New South Wales,11.839466901651656,0.34021735,0.539918,0.45548797,0.3059973,0.14295089,0.13899629,0.031490378,0.11848314,0.1075956,0.0,0,0,1,0.0,0.0,0.0,0.32633993620682783,Full Time,1
283,79387749,110000.0,110000.0,SIZE_C,Staffing and Recruiting,,Sydney,,New South Wales,11.839466901651656,0.22305733,0.28048325,0.5717605,0.27993098,0.18483885,0.18734437,0.14876056,0.14410265,0.2117977,0.0,0,0,1,0.07586206896551724,0.06666666666666667,0.07126436781609195,0.32633993620682783,Full Time,1
284,79389160,110000.0,110000.0,SIZE_C,Staffing and Recruiting,North Sydney,Sydney,,New South Wales,4.9972367335528265,0.2136917,0.25974435,0.6709876,0.3059973,0.25787157,0.17029352,0.30545992,0.10356599,0.30992424,0.0,0,1,0,0.07586206896551724,0.06666666666666667,0.07126436781609195,0.12245098614241488,Full Time,1
285,79389453,110000.0,110000.0,SIZE_C,Staffing and Recruiting,,Sydney,,New South Wales,11.839466901651656,0.4077572,0.6894757,0.52535945,0.3059973,0.16491221,0.21496128,0.08805485,0.124141835,0.13084301,0.0,0,0,1,0.07586206896551724,0.06666666666666667,0.07126436781609195,0.32633993620682783,Contract/Temp,1
286,79394213,110000.0,110000.0,SIZE_C,Staffing and Recruiting,,Sydney,,New South Wales,11.839466901651656,0.3637942,0.5921257,0.36139718,0.3059973,0.18007201,0.13016222,0.12598936,0.11045502,0.076863766,0.0,0,0,1,0.07586206896551724,0.06666666666666667,0.07126436781609195,0.32633993620682783,Contract/Temp,1
287,79395765,177840.0,256880.0,SIZE_C,Staffing and Recruiting,,Sydney,,New South Wales,11.839466901651656,0.34767818,0.55643904,0.55079645,0.30599722,0.17659655,0.14692324,0.12298756,0.18815526,0.17696333,0.0,0,0,1,0.12264827586206896,0.15568484848484848,0.1391665621734587,0.32633993620682783,Contract/Temp,1
288,79410129,139787.0,145713.0,SIZE_C,Staffing and Recruiting,Parramatta,Sydney,,New South Wales,21.731726893975797,0.31679356,0.48804927,0.6709876,0.31938782,0.20659038,0.10509027,0.09416888,0.15208647,0.19071686,0.0,0,1,0,0.0964048275862069,0.08831090909090909,0.092357868338558,0.6211155362740185,Contract/Temp,1
289,79433008,110000.0,110000.0,SIZE_C,Staffing and Recruiting,Norwest,Sydney,,New South Wales,11.839466901651656,0.15646608,0.13302611,0.35843498,0.325816,0.1286908,0.2018857,0.1663762,0.13582483,0.2296311,0.0,0,0,1,0.07586206896551724,0.06666666666666667,0.07126436781609195,0.32633993620682783,Full Time,1
290,79439801,110000.0,110000.0,SIZE_C,Staffing and Recruiting,Bella Vista,Sydney,,New South Wales,28.631410442055635,0.21210703,0.25623536,0.7124609,0.29498488,0.11065513,0.21250841,0.15202525,0.18190762,0.16473389,0.0,0,0,1,0.07586206896551724,0.06666666666666667,0.07126436781609195,0.8267165172164038,Full Time,1
291,79440610,110000.0,110000.0,SIZE_C,Staffing and Recruiting,,Sydney,,New South Wales,11.839466901651656,0.36018246,0.584128,0.6329694,0.30599722,0.26116583,0.16502906,0.02980344,0.12302336,0.10414451,0.0,0,1,0,0.07586206896551724,0.06666666666666667,0.07126436781609195,0.32633993620682783,Contract/Temp,1
292,79445482,110000.0,110000.0,SIZE_C,Staffing and Recruiting,Eveleigh,Sydney,,New South Wales,2.3014414121942193,0.33857012,0.53627044,0.37576452,0.47550765,0.24012901,0.25438055,0.11803226,0.011936776,0.15288782,0.0,0,1,0,0.07586206896551724,0.06666666666666667,0.07126436781609195,0.042120032029965594,Full Time,1
293,79445521,1200.0,1200.0,SIZE_C,Staffing and Recruiting,,Sydney,,New South Wales,11.839466901651656,0.3358404,0.5302259,0.5843444,0.30599722,0.27980882,0.20392627,0.1161263,0.18968183,0.20243837,0.0,0,1,0,0.0008275862068965517,0.0007272727272727272,0.0007774294670846395,0.32633993620682783,Contract/Temp,1
294,79479616,110000.0,110000.0,SIZE_C,Staffing and Recruiting,,Sydney,,New South Wales,11.839466901651656,0.39664015,0.6648586,0.6659906,0.40962553,0.29906207,0.24035949,0.18579578,0.09158595,0.14701256,0.0,0,0,1,0.07586206896551724,0.06666666666666667,0.07126436781609195,0.32633993620682783,Full Time,1
295,79481855,110000.0,110000.0,SIZE_C,Staffing and Recruiting,Pymble,Sydney,,New South Wales,16.86871585046273,0.3331278,0.52421916,0.43446404,0.3511856,0.15838128,0.08783877,0.040806804,0.31908688,0.21943943,0.0,0,0,1,0.07586206896551724,0.06666666666666667,0.07126436781609195,0.4762045655153389,Full Time,1
296,79484536,110000.0,110000.0,SIZE_C,Staffing and Recruiting,Parramatta,Sydney,,New South Wales,21.731726893975797,0.31437588,0.48269564,0.6114739,0.31938782,0.24282575,0.18303734,0.19462197,0.3562411,0.28869694,0.0,0,0,1,0.07586206896551724,0.06666666666666667,0.07126436781609195,0.6211155362740185,Contract/Temp,1
297,79485417,110000.0,110000.0,SIZE_C,Staffing and Recruiting,,Sydney,,New South Wales,11.839466901651656,0.2934512,0.43636078,0.51964664,0.47550765,0.21301591,0.1965508,0.07264533,0.11709781,0.11397748,0.0,1,0,0,0.07586206896551724,0.06666666666666667,0.07126436781609195,0.32633993620682783,Full Time,1
298,79488360,110000.0,110000.0,SIZE_C,Staffing and Recruiting,Eveleigh,Sydney,,New South Wales,2.3014414121942193,0.39676622,0.6651377,0.38991854,0.47550765,0.24276486,0.27331644,0.120744675,0.12077935,0.16137357,0.0,0,0,1,0.07586206896551724,0.06666666666666667,0.07126436781609195,0.042120032029965594,Full Time,1
299,79499880,110000.0,110000.0,SIZE_C,Staffing and Recruiting,,Sydney,,New South Wales,11.839466901651656,0.31487215,0.48379457,0.56551564,0.47550765,0.25356078,0.18293749,0.2227594,0.22600104,0.36141762,0.0,0,0,1,0.07586206896551724,0.06666666666666667,0.07126436781609195,0.32633993620682783,Full Time,1
300,79500764,110000.0,110000.0,SIZE_C,Staffing and Recruiting,Ingleburn,Sydney,,New South Wales,34.446563608328674,0.2594713,0.361117,0.36068833,0.28306156,0.1882829,0.19957936,0.10250433,0.1793511,0.17740315,0.0,0,0,1,0.07586206896551724,0.06666666666666667,0.07126436781609195,1.0,Full Time,1
301,79501101,110000.0,110000.0,SIZE_C,Staffing and Recruiting,,Sydney,,New South Wales,11.839466901651656,0.35394716,0.5703208,0.3212487,0.30599722,0.14010221,0.12179105,0.115719706,0.08802068,0.09011337,0.0,1,1,0,0.07586206896551724,0.06666666666666667,0.07126436781609195,0.32633993620682783,Full Time,1
302,79501720,110000.0,110000.0,SIZE_C,Staffing and Recruiting,,Sydney,,New South Wales,11.839466901651656,0.32150438,0.49848074,0.7124609,0.30599722,0.2023046,0.17464104,0.1325252,0.16957723,0.15288442,0.0,0,1,0,0.07586206896551724,0.06666666666666667,0.07126436781609195,0.32633993620682783,Full Time,1
303,79510044,110000.0,110000.0,SIZE_C,Staffing and Recruiting,St Marys,Sydney,,New South Wales,21.731726893975797,0.20414206,0.238598,0.49786842,0.47550765,0.061199956,0.059462026,0.0929527,0.082550526,0.10790162,0.0,0,0,1,0.07586206896551724,0.06666666666666667,0.07126436781609195,0.6211155362740185,Full Time,1
304,79510646,110000.0,110000.0,SIZE_C,Staffing and Recruiting,,Sydney,,New South Wales,11.839466901651656,0.4010555,0.67463577,0.4838013,0.43293875,0.27311492,0.10842057,0.07851109,0.08705585,0.13579504,0.0,0,0,1,0.07586206896551724,0.06666666666666667,0.07126436781609195,0.32633993620682783,Full Time,1
305,79524365,110000.0,110000.0,SIZE_C,Staffing and Recruiting,,Sydney,,New South Wales,11.839466901651656,0.33099777,0.5195025,0.33329275,0.33892432,0.32082355,0.16506967,0.23329434,0.107105345,0.19101024,0.0,0,0,1,0.07586206896551724,0.06666666666666667,0.07126436781609195,0.32633993620682783,Full Time,1
306,79530255,110000.0,110000.0,SIZE_C,Staffing and Recruiting,,Sydney,,New South Wales,11.839466901651656,0.3058272,0.46376574,0.22874734,0.30599722,0.2462185,0.21489567,0.1248097,0.11017731,0.073783405,0.0,0,0,1,0.07586206896551724,0.06666666666666667,0.07126436781609195,0.32633993620682783,Full Time,1
307,79538871,110000.0,110000.0,SIZE_C,Staffing and Recruiting,,Sydney,,New South Wales,11.839466901651656,0.24737862,0.33433938,0.47842157,0.30599722,0.15252088,0.101901844,0.07779523,0.13460943,0.16278072,0.0,0,0,1,0.07586206896551724,0.06666666666666667,0.07126436781609195,0.32633993620682783,Contract/Temp,1
308,79558631,110000.0,110000.0,SIZE_C,Staffing and Recruiting,,Sydney,,New South Wales,11.839466901651656,0.33971438,0.5388043,0.5625119,0.29498488,0.21003743,0.070093036,0.113055624,0.1261865,0.11894959,0.0,0,1,0,0.07586206896551724,0.06666666666666667,0.07126436781609195,0.32633993620682783,Full Time,1
309,79561073,110000.0,110000.0,SIZE_C,Staffing and Recruiting,Eveleigh,Sydney,,New South Wales,2.3014414121942193,0.40722597,0.6882994,0.4596788,0.47550765,0.20872812,0.19975667,0.120015144,0.14819005,0.18790063,0.0,0,1,0,0.07586206896551724,0.06666666666666667,0.07126436781609195,0.042120032029965594,Full Time,1
310,79569001,800.0,900.0,SIZE_C,Staffing and Recruiting,Alexandria,Sydney,,New South Wales,2.3540675399662274,0.29776376,0.4459104,0.6828507,0.33892432,0.20904368,0.23557484,0.121811785,0.2252249,0.22426045,0.0,0,0,1,0.0005517241379310345,0.0005454545454545455,0.00054858934169279,0.0436882175007522,Contract/Temp,1
311,79579679,110000.0,110000.0,SIZE_C,Staffing and Recruiting,,Sydney,,New South Wales,11.839466901651656,0.24216604,0.32279688,0.63081634,0.24292961,0.28250217,0.3900203,0.2788636,0.057142444,0.105579615,0.0,0,0,1,0.07586206896551724,0.06666666666666667,0.07126436781609195,0.32633993620682783,Full Time,1
312,79592991,110000.0,110000.0,SIZE_C,Staffing and Recruiting,St Leonards,Sydney,,New South Wales,6.835639807445479,0.21459368,0.2617417,0.6771733,0.31815898,0.2447091,0.119645596,0.18522346,0.29048097,0.33466005,0.0,0,0,1,0.07586206896551724,0.06666666666666667,0.07126436781609195,0.17723284283568538,Full Time,1
313,79598980,110000.0,110000.0,SIZE_C,Staffing and Recruiting,,Sydney,,New South Wales,11.839466901651656,0.36160457,0.5872771,0.24088943,0.34513187,0.264911,0.29918557,0.11267592,0.08529769,0.19638887,0.0,0,0,1,0.07586206896551724,0.06666666666666667,0.07126436781609195,0.32633993620682783,Full Time,1
314,79599366,110000.0,110000.0,SIZE_C,Staffing and Recruiting,,Sydney,,New South Wales,11.839466901651656,0.3520122,0.56603605,0.651957,0.30599722,0.1828655,0.20827009,0.116751015,0.13573548,0.088071406,0.0,0,0,1,0.07586206896551724,0.06666666666666667,0.07126436781609195,0.32633993620682783,Full Time,1
315,79607620,110000.0,110000.0,SIZE_C,Staffing and Recruiting,,Sydney,,New South Wales,11.839466901651656,0.24936247,0.33873236,0.47142,0.47550765,0.17614698,0.1964564,0.18733689,0.18698204,0.2687074,0.0,0,0,1,0.07586206896551724,0.06666666666666667,0.07126436781609195,0.32633993620682783,Full Time,1
316,79635378,70000.0,90000.0,SIZE_C,Staffing and Recruiting,,Sydney,,New South Wales,11.839466901651656,0.39785928,0.66755813,0.4602391,0.32579097,0.25361383,0.14853637,0.057050437,0.18124624,0.1990641,0.0,0,0,1,0.04827586206896552,0.05454545454545454,0.05141065830721003,0.32633993620682783,Full Time,1
317,79637059,110000.0,110000.0,SIZE_C,Staffing and Recruiting,,Sydney,,New South Wales,11.839466901651656,0.1878224,0.20246036,0.41989273,0.30599722,0.16674972,0.14935544,0.042398047,0.09144898,0.079949774,0.0,0,0,1,0.07586206896551724,0.06666666666666667,0.07126436781609195,0.32633993620682783,Contract/Temp,1
318,79648070,110000.0,110000.0,SIZE_C,Staffing and Recruiting,,Sydney,,New South Wales,11.839466901651656,0.23274441,0.30193394,0.4386639,0.16534004,0.24421999,0.23678623,0.10674068,0.10939606,0.17074165,0.0,0,0,1,0.07586206896551724,0.06666666666666667,0.07126436781609195,0.32633993620682783,Full Time,1
319,79648884,110000.0,110000.0,SIZE_C,Staffing and Recruiting,,Sydney,,New South Wales,11.839466901651656,0.22737983,0.29005486,0.45415485,0.47550765,0.1622602,0.24251887,0.21506318,0.22115889,0.44385254,0.0,0,0,1,0.07586206896551724,0.06666666666666667,0.07126436781609195,0.32633993620682783,Contract/Temp,1
320,79670152,110000.0,110000.0,SIZE_C,Staffing and Recruiting,,Sydney,,New South Wales,11.839466901651656,0.25078237,0.34187657,0.37849906,0.325816,0.16905001,0.16622236,0.15644448,0.091864005,0.14114994,0.0,0,0,1,0.07586206896551724,0.06666666666666667,0.07126436781609195,0.32633993620682783,Full Time,1
321,79671259,110000.0,110000.0,SIZE_C,Staffing and Recruiting,,Sydney,,New South Wales,11.839466901651656,0.31616992,0.4866683,0.368937,0.47550765,0.2811987,0.23859419,0.08473489,0.15607071,0.22098392,0.0,0,0,1,0.07586206896551724,0.06666666666666667,0.07126436781609195,0.32633993620682783,Full Time,1
322,79692637,110000.0,110000.0,SIZE_C,Staffing and Recruiting,Lane Cove,Sydney,,New South Wales,8.672829657797092,0.44906536,0.78094697,0.24149841,0.47550765,0.2675742,0.15084863,0.0482286,0.071137875,0.083074,0.0,0,0,1,0.07586206896551724,0.06666666666666667,0.07126436781609195,0.23197854715350247,Full Time,1
323,79705062,110000.0,110000.0,SIZE_C,Staffing and Recruiting,,Sydney,,New South Wales,11.839466901651656,0.34529582,0.5511636,0.6709876,0.3059973,0.16014704,0.13155904,0.10211675,0.23623025,0.24743089,0.0,0,1,0,0.07586206896551724,0.06666666666666667,0.07126436781609195,0.32633993620682783,Contract/Temp,1
